id,userId,courseId,role,createdAt,updatedAt
007083cf-f02a-4de1-9efe-27b91aa02f6a,2a978357-9736-4a60-af7b-6ceb52780015,2da7d3c4-7978-45a6-92f6-23f75d41d643,STUDENT,2025-10-05 23:39:23.485,2025-10-05 23:39:23.485
01160be1-fc8b-4e90-a1cc-acc7e3fb542c,95ed28c8-1480-425c-b5b1-3ce7f489e69e,838d93d8-b123-4f1d-8059-0e8c33031123,STUDENT,2025-10-05 23:39:22.875,2025-10-05 23:39:22.875
01c3be18-c64c-4932-b1dd-339d7fcd849f,6daffbf1-6aea-45fc-8d92-b1eb8d406c48,3af068ab-c1ab-472e-9243-8b000925dc1f,STUDENT,2025-10-05 23:39:25.825,2025-10-05 23:39:25.825
01e56798-3e25-41db-a9ab-c293668579cd,80a0c014-4d1d-453a-ab42-86bc678992b0,21fa6426-5847-4889-99ab-f7a3a4fed9dc,STUDENT,2025-10-05 23:39:24.055,2025-10-05 23:39:24.055
01fb0d74-74e1-4583-9d71-2e256c9d235b,a8c7b372-149e-49f1-b438-135ba1cd85b7,838d93d8-b123-4f1d-8059-0e8c33031123,STUDENT,2025-10-05 23:39:22.875,2025-10-05 23:39:22.875
021a6b5f-f854-441f-a4cb-d7478e709caa,56a084f4-7b02-4365-a669-f0ea58e5bf1a,6d84ec00-d196-4b3e-ab42-720510173769,STUDENT,2025-10-05 23:39:23.772,2025-10-05 23:39:23.772
0241c229-373f-4596-8c29-d8a3c4793cc1,83419437-35ee-41f7-8289-a1b7bc1c0068,60675058-99df-4d8c-bcb5-4e45d5c42701,STUDENT,2025-10-05 23:39:22.578,2025-10-05 23:39:22.578
0279da6e-9feb-4c23-94fe-615cdf558fee,427ba0cf-1a85-4a7a-a271-c79cb5f17880,139f7263-47c0-4c6e-9e1a-32b45c4b949c,STUDENT,2025-10-05 23:39:24.636,2025-10-05 23:39:24.636
047d4ec6-55f2-466b-a670-c0b1cad4e5d7,1c2e8093-5b99-4ff0-be63-b43bffead0c9,57dcfedf-1ba9-4f59-8c32-0d9a0d5a006d,STUDENT,2025-10-05 23:39:25.242,2025-10-05 23:39:25.242
04cc4db0-f809-4111-8425-920621b848fb,89d3711d-ba23-4efd-a071-017c4e935c5b,3af068ab-c1ab-472e-9243-8b000925dc1f,STUDENT,2025-10-05 23:39:25.825,2025-10-05 23:39:25.825
055bfdfb-7c75-43e4-add5-97807c4a38f0,427ba0cf-1a85-4a7a-a271-c79cb5f17880,3af068ab-c1ab-472e-9243-8b000925dc1f,STUDENT,2025-10-05 23:39:25.825,2025-10-05 23:39:25.825
05c5b713-225f-473f-ab9b-89c3f041adc5,2a978357-9736-4a60-af7b-6ceb52780015,6e190522-01b5-452a-b8cb-b99961aa0bda,STUDENT,2025-10-05 23:39:24.936,2025-10-05 23:39:24.936
0642c609-090c-4c87-b2c8-ca6369cf0f05,ae32cec0-0b4c-442b-abcb-a65486e9ec79,6d84ec00-d196-4b3e-ab42-720510173769,STUDENT,2025-10-05 23:39:23.772,2025-10-05 23:39:23.772
06d26f8b-33b3-4628-be7e-0f8eeb6502ce,8c81a2fb-3a9b-46c6-848d-ebd6d41329d2,1a24c5ce-04a6-4d2a-b9fd-1aea10c0ee65,STUDENT,2025-10-05 23:39:26.109,2025-10-05 23:39:26.109
074725c0-d192-46c6-8f96-b9e3a0d0df00,ae32cec0-0b4c-442b-abcb-a65486e9ec79,57dcfedf-1ba9-4f59-8c32-0d9a0d5a006d,STUDENT,2025-10-05 23:39:25.242,2025-10-05 23:39:25.242
08d7c8d1-0d56-4abe-911e-0733f9fbd093,95ed28c8-1480-425c-b5b1-3ce7f489e69e,3af068ab-c1ab-472e-9243-8b000925dc1f,STUDENT,2025-10-05 23:39:25.825,2025-10-05 23:39:25.825
0b1fc9aa-1026-4aab-8826-b385ab41bb3c,61ef0398-c7eb-4b0c-be3e-733fd86ddcd6,72516c50-8e2a-4ae5-865f-f9416254669f,STUDENT,2025-10-05 23:39:24.349,2025-10-05 23:39:24.349
0cac0300-2cb7-4703-8255-c0a2b7956fc4,427ba0cf-1a85-4a7a-a271-c79cb5f17880,838d93d8-b123-4f1d-8059-0e8c33031123,STUDENT,2025-10-05 23:39:22.875,2025-10-05 23:39:22.875
0da0ea70-a8f7-4f6c-aa99-8d2b4a0fb462,fc37c9de-8ea1-4a57-9c92-4800e21ad36c,3af068ab-c1ab-472e-9243-8b000925dc1f,STUDENT,2025-10-05 23:39:25.825,2025-10-05 23:39:25.825
0e2143c3-5f2a-4275-bd51-464a1593aea8,0db42da7-7cf4-4ed9-acfb-37ea977cfcce,2da7d3c4-7978-45a6-92f6-23f75d41d643,TA,2025-10-05 23:39:23.485,2025-10-05 23:39:23.485
0fa0f3f5-a029-4d0d-afd8-5a2ad44117dd,83419437-35ee-41f7-8289-a1b7bc1c0068,1d3d8bb7-1a40-4d00-b63c-9e533a92e5fb,STUDENT,2025-10-05 23:39:25.528,2025-10-05 23:39:25.528
12da02ad-206b-459d-a0f9-59aabac1d5bf,8ca2942a-c704-4ca6-bc2b-c5206b7f99f9,74bfbcee-55f8-417a-8ed8-63dc2f96bc62,STUDENT,2025-10-05 23:39:26.972,2025-10-05 23:39:26.972
13ce43dd-a72b-41c9-8641-9c5d77f07ab6,66347c60-36ca-496f-bfde-371403fce918,9ff696a2-c449-4a45-a8d1-cae11c7f09ce,STUDENT,2025-10-05 23:39:26.68,2025-10-05 23:39:26.68
1627408c-8932-4a58-802c-9f5a6b0cd5a3,8ca2942a-c704-4ca6-bc2b-c5206b7f99f9,6e190522-01b5-452a-b8cb-b99961aa0bda,STUDENT,2025-10-05 23:39:24.936,2025-10-05 23:39:24.936
1731fc12-28c4-46ca-9418-f3e2a0c3e0de,ae32cec0-0b4c-442b-abcb-a65486e9ec79,21fa6426-5847-4889-99ab-f7a3a4fed9dc,STUDENT,2025-10-05 23:39:24.055,2025-10-05 23:39:24.055
176fe65c-f3ab-4d2e-ad91-6b3cbe6f2918,2cf3a4cf-7e6c-4c4b-816a-827efe86750c,72516c50-8e2a-4ae5-865f-f9416254669f,INSTRUCTOR,2025-10-05 23:39:18.81,2025-10-05 23:39:18.81
17a843fb-4243-4873-9dca-e8859187197f,89d3711d-ba23-4efd-a071-017c4e935c5b,139f7263-47c0-4c6e-9e1a-32b45c4b949c,STUDENT,2025-10-05 23:39:24.636,2025-10-05 23:39:24.636
18053aff-6347-4c51-9f1d-828ad9c187b2,8c81a2fb-3a9b-46c6-848d-ebd6d41329d2,6e190522-01b5-452a-b8cb-b99961aa0bda,STUDENT,2025-10-05 23:39:24.936,2025-10-05 23:39:24.936
18793625-3c4e-498e-ad0f-b10b4205a275,d457630e-a4a4-4507-b037-b0386b224f2d,9ff696a2-c449-4a45-a8d1-cae11c7f09ce,STUDENT,2025-10-05 23:39:26.68,2025-10-05 23:39:26.68
18e9c0bf-dadf-494b-83c2-31ce74702f5e,56a084f4-7b02-4365-a669-f0ea58e5bf1a,60675058-99df-4d8c-bcb5-4e45d5c42701,STUDENT,2025-10-05 23:39:22.578,2025-10-05 23:39:22.578
19de25c9-eee4-4948-9768-9ee514db1f37,8ca2942a-c704-4ca6-bc2b-c5206b7f99f9,1a24c5ce-04a6-4d2a-b9fd-1aea10c0ee65,STUDENT,2025-10-05 23:39:26.109,2025-10-05 23:39:26.109
1baffa14-254c-45bb-a261-b88a58af4817,427ba0cf-1a85-4a7a-a271-c79cb5f17880,1d3d8bb7-1a40-4d00-b63c-9e533a92e5fb,STUDENT,2025-10-05 23:39:25.528,2025-10-05 23:39:25.528
1ce08d28-9f1b-4f7d-9274-c5d9af01a365,fc37c9de-8ea1-4a57-9c92-4800e21ad36c,139f7263-47c0-4c6e-9e1a-32b45c4b949c,STUDENT,2025-10-05 23:39:24.636,2025-10-05 23:39:24.636
1cfe83cf-f3f5-456b-a6cd-d635d3e81ff5,2a978357-9736-4a60-af7b-6ceb52780015,7a9372b0-79e6-4c98-a92b-69be0dddf8c5,STUDENT,2025-10-05 23:39:23.18,2025-10-05 23:39:23.18
1d2e9ca3-7f91-4050-8002-236e8a804d2e,1c2e8093-5b99-4ff0-be63-b43bffead0c9,838d93d8-b123-4f1d-8059-0e8c33031123,STUDENT,2025-10-05 23:39:22.875,2025-10-05 23:39:22.875
1ef77c1d-3a62-4d7a-9cd0-2ca1f8d6a088,1c2e8093-5b99-4ff0-be63-b43bffead0c9,2da7d3c4-7978-45a6-92f6-23f75d41d643,STUDENT,2025-10-05 23:39:23.485,2025-10-05 23:39:23.485
1f354839-2f43-4ebe-abcf-4616395b17d7,e8cd3a99-5004-4f7b-99a7-0936ad9b06ee,6e190522-01b5-452a-b8cb-b99961aa0bda,STUDENT,2025-10-05 23:39:24.936,2025-10-05 23:39:24.936
22789dae-a998-427e-80e3-81af234f76ce,56a084f4-7b02-4365-a669-f0ea58e5bf1a,9ff696a2-c449-4a45-a8d1-cae11c7f09ce,STUDENT,2025-10-05 23:39:26.68,2025-10-05 23:39:26.68
2356cdb9-f3fb-4faa-8430-1c1dcc843268,0db42da7-7cf4-4ed9-acfb-37ea977cfcce,3af068ab-c1ab-472e-9243-8b000925dc1f,TA,2025-10-05 23:39:25.825,2025-10-05 23:39:25.825
2357cec1-124a-4b3a-a4ef-159b1cd7371b,66347c60-36ca-496f-bfde-371403fce918,5ea385f8-1da7-4113-bc0a-a7b5d6ffb864,STUDENT,2025-10-05 23:39:26.393,2025-10-05 23:39:26.393
23d4aa66-c9ae-4290-81cd-3cf1de716edc,8ca2942a-c704-4ca6-bc2b-c5206b7f99f9,57dcfedf-1ba9-4f59-8c32-0d9a0d5a006d,STUDENT,2025-10-05 23:39:25.242,2025-10-05 23:39:25.242
23ea2f8a-f684-4aef-b1bc-46d481f61437,8ca2942a-c704-4ca6-bc2b-c5206b7f99f9,60675058-99df-4d8c-bcb5-4e45d5c42701,STUDENT,2025-10-05 23:39:22.578,2025-10-05 23:39:22.578
23eccedd-782f-4681-9238-6de72cfe4434,95ed28c8-1480-425c-b5b1-3ce7f489e69e,1a24c5ce-04a6-4d2a-b9fd-1aea10c0ee65,STUDENT,2025-10-05 23:39:26.109,2025-10-05 23:39:26.109
2527f3db-5083-47a6-a75b-8ceafa548d5f,0db42da7-7cf4-4ed9-acfb-37ea977cfcce,9ff696a2-c449-4a45-a8d1-cae11c7f09ce,TA,2025-10-05 23:39:26.68,2025-10-05 23:39:26.68
262e573e-e431-44f6-a94d-a79c35a8cff6,2a978357-9736-4a60-af7b-6ceb52780015,9ff696a2-c449-4a45-a8d1-cae11c7f09ce,STUDENT,2025-10-05 23:39:26.68,2025-10-05 23:39:26.68
2647f4c8-0ec0-40f4-ae73-cfdc7bea5ae7,6daffbf1-6aea-45fc-8d92-b1eb8d406c48,7a9372b0-79e6-4c98-a92b-69be0dddf8c5,STUDENT,2025-10-05 23:39:23.18,2025-10-05 23:39:23.18
2669c625-d4a6-4668-be97-09699e272d7a,28a9c82f-45e7-4f8e-baa0-353ececbdba6,74bfbcee-55f8-417a-8ed8-63dc2f96bc62,STUDENT,2025-10-05 23:39:26.972,2025-10-05 23:39:26.972
26728c92-ccaf-410a-ab9b-372342d75403,8c81a2fb-3a9b-46c6-848d-ebd6d41329d2,139f7263-47c0-4c6e-9e1a-32b45c4b949c,STUDENT,2025-10-05 23:39:24.636,2025-10-05 23:39:24.636
26f1c31a-7b3a-4c5f-b2c4-ae1cbd6985a3,0db42da7-7cf4-4ed9-acfb-37ea977cfcce,7a9372b0-79e6-4c98-a92b-69be0dddf8c5,TA,2025-10-05 23:39:23.18,2025-10-05 23:39:23.18
26fad7a5-19a5-493c-87ab-5d10e03533d7,0db42da7-7cf4-4ed9-acfb-37ea977cfcce,1d3d8bb7-1a40-4d00-b63c-9e533a92e5fb,TA,2025-10-05 23:39:25.528,2025-10-05 23:39:25.528
27b30f71-2663-4786-96a5-d43331667bf1,5ee93b3e-a750-4e8e-aff3-c32dd8af23a1,74bfbcee-55f8-417a-8ed8-63dc2f96bc62,STUDENT,2025-10-05 23:39:26.972,2025-10-05 23:39:26.972
27b34ee4-e8d9-48c4-8682-66891c5bf203,8ca2942a-c704-4ca6-bc2b-c5206b7f99f9,1d3d8bb7-1a40-4d00-b63c-9e533a92e5fb,STUDENT,2025-10-05 23:39:25.528,2025-10-05 23:39:25.528
288a7b69-a71c-4fd6-8f5c-4556d427ad65,6daffbf1-6aea-45fc-8d92-b1eb8d406c48,838d93d8-b123-4f1d-8059-0e8c33031123,STUDENT,2025-10-05 23:39:22.875,2025-10-05 23:39:22.875
2899d712-4aa2-47c9-892d-7db07423d848,21b6cca8-466e-4e36-a46e-cc656be2c8a3,139f7263-47c0-4c6e-9e1a-32b45c4b949c,TA,2025-10-05 23:39:24.636,2025-10-05 23:39:24.636
28c7326e-bd1a-4748-ad7f-bd61d091548f,95ed28c8-1480-425c-b5b1-3ce7f489e69e,74bfbcee-55f8-417a-8ed8-63dc2f96bc62,STUDENT,2025-10-05 23:39:26.972,2025-10-05 23:39:26.972
29f8abf0-f0eb-4922-86c6-44643a8b6663,50a2f0ef-53f0-43b9-9873-d507451e59e0,57dcfedf-1ba9-4f59-8c32-0d9a0d5a006d,INSTRUCTOR,2025-10-05 23:39:19.941,2025-10-05 23:39:19.941
2ac688fb-e85a-4010-9523-3c88da947026,6daffbf1-6aea-45fc-8d92-b1eb8d406c48,1d3d8bb7-1a40-4d00-b63c-9e533a92e5fb,STUDENT,2025-10-05 23:39:25.528,2025-10-05 23:39:25.528
2b798cfd-8817-4781-97a7-d71820c62ab1,d457630e-a4a4-4507-b037-b0386b224f2d,7a9372b0-79e6-4c98-a92b-69be0dddf8c5,STUDENT,2025-10-05 23:39:23.18,2025-10-05 23:39:23.18
2bfdc90e-3e4c-4b25-8093-1af9af84f8f9,2a978357-9736-4a60-af7b-6ceb52780015,60675058-99df-4d8c-bcb5-4e45d5c42701,STUDENT,2025-10-05 23:39:22.578,2025-10-05 23:39:22.578
2c6215a2-5677-44cb-abd7-11b6e0522d62,ae32cec0-0b4c-442b-abcb-a65486e9ec79,6e190522-01b5-452a-b8cb-b99961aa0bda,STUDENT,2025-10-05 23:39:24.936,2025-10-05 23:39:24.936
2c6418e7-5532-4100-8af6-95ecf2bd5474,61ef0398-c7eb-4b0c-be3e-733fd86ddcd6,6d84ec00-d196-4b3e-ab42-720510173769,STUDENT,2025-10-05 23:39:23.772,2025-10-05 23:39:23.772
2cc89ec9-13fc-4cb8-b86e-040efac3f5c2,5ee93b3e-a750-4e8e-aff3-c32dd8af23a1,57dcfedf-1ba9-4f59-8c32-0d9a0d5a006d,STUDENT,2025-10-05 23:39:25.242,2025-10-05 23:39:25.242
2d602e9c-28cf-4015-b98e-1c328dadb8e6,89d3711d-ba23-4efd-a071-017c4e935c5b,838d93d8-b123-4f1d-8059-0e8c33031123,STUDENT,2025-10-05 23:39:22.875,2025-10-05 23:39:22.875
2d6eb4f7-6dbd-4a59-8764-e2d75841972e,56a084f4-7b02-4365-a669-f0ea58e5bf1a,3af068ab-c1ab-472e-9243-8b000925dc1f,STUDENT,2025-10-05 23:39:25.825,2025-10-05 23:39:25.825
2d8bc420-f692-4f30-b21e-ba09d6db0d1c,80a0c014-4d1d-453a-ab42-86bc678992b0,1a24c5ce-04a6-4d2a-b9fd-1aea10c0ee65,STUDENT,2025-10-05 23:39:26.109,2025-10-05 23:39:26.109
2e760e60-6892-4e71-be4f-09ec8309b146,1c2e8093-5b99-4ff0-be63-b43bffead0c9,1d3d8bb7-1a40-4d00-b63c-9e533a92e5fb,STUDENT,2025-10-05 23:39:25.528,2025-10-05 23:39:25.528
2f0bdef7-92ce-4daa-a286-df3b9b60d804,d457630e-a4a4-4507-b037-b0386b224f2d,5ea385f8-1da7-4113-bc0a-a7b5d6ffb864,STUDENT,2025-10-05 23:39:26.393,2025-10-05 23:39:26.393
2f856aad-8082-4fe1-b3ef-a19a81e49a25,56a084f4-7b02-4365-a669-f0ea58e5bf1a,2da7d3c4-7978-45a6-92f6-23f75d41d643,STUDENT,2025-10-05 23:39:23.485,2025-10-05 23:39:23.485
2ff8f9d3-2ad7-4761-b5d9-e635d19c8a28,28a9c82f-45e7-4f8e-baa0-353ececbdba6,139f7263-47c0-4c6e-9e1a-32b45c4b949c,STUDENT,2025-10-05 23:39:24.636,2025-10-05 23:39:24.636
30fd7ff6-41e5-40c0-af02-34f94b8668a3,80a0c014-4d1d-453a-ab42-86bc678992b0,3af068ab-c1ab-472e-9243-8b000925dc1f,STUDENT,2025-10-05 23:39:25.825,2025-10-05 23:39:25.825
31c38fc5-c6a0-4368-b5bd-005c11dd6958,66347c60-36ca-496f-bfde-371403fce918,74bfbcee-55f8-417a-8ed8-63dc2f96bc62,STUDENT,2025-10-05 23:39:26.972,2025-10-05 23:39:26.972
31fc266a-8c7b-4da6-8cc6-baafe1608ca8,80a0c014-4d1d-453a-ab42-86bc678992b0,7a9372b0-79e6-4c98-a92b-69be0dddf8c5,STUDENT,2025-10-05 23:39:23.18,2025-10-05 23:39:23.18
325330af-e46b-43c7-a822-993b21eb98c5,427ba0cf-1a85-4a7a-a271-c79cb5f17880,7a9372b0-79e6-4c98-a92b-69be0dddf8c5,STUDENT,2025-10-05 23:39:23.18,2025-10-05 23:39:23.18
331c12e1-1724-48ac-a676-92183448ef33,a8c7b372-149e-49f1-b438-135ba1cd85b7,2da7d3c4-7978-45a6-92f6-23f75d41d643,STUDENT,2025-10-05 23:39:23.485,2025-10-05 23:39:23.485
33ca42c4-d3a3-4f04-9a99-335535ab3bf1,d457630e-a4a4-4507-b037-b0386b224f2d,139f7263-47c0-4c6e-9e1a-32b45c4b949c,STUDENT,2025-10-05 23:39:24.636,2025-10-05 23:39:24.636
346f643d-a988-4298-9a55-c7562fde77f7,61ef0398-c7eb-4b0c-be3e-733fd86ddcd6,74bfbcee-55f8-417a-8ed8-63dc2f96bc62,STUDENT,2025-10-05 23:39:26.972,2025-10-05 23:39:26.972
34bd3f84-dcbd-4d26-a9dd-572a229602d3,8c81a2fb-3a9b-46c6-848d-ebd6d41329d2,72516c50-8e2a-4ae5-865f-f9416254669f,STUDENT,2025-10-05 23:39:24.349,2025-10-05 23:39:24.349
34ce46c8-e5f8-4434-ba7c-326059b05beb,e8489858-4b4c-4c69-a143-24300bdf84b3,74bfbcee-55f8-417a-8ed8-63dc2f96bc62,INSTRUCTOR,2025-10-05 23:39:22.218,2025-10-05 23:39:22.218
34f3f3d3-50c9-4e3c-a2cc-b4fe80c8d1f1,d457630e-a4a4-4507-b037-b0386b224f2d,57dcfedf-1ba9-4f59-8c32-0d9a0d5a006d,STUDENT,2025-10-05 23:39:25.242,2025-10-05 23:39:25.242
36546d44-833b-4f1b-88cc-e378f052af1e,21b6cca8-466e-4e36-a46e-cc656be2c8a3,21fa6426-5847-4889-99ab-f7a3a4fed9dc,TA,2025-10-05 23:39:24.055,2025-10-05 23:39:24.055
36d4de61-0791-45be-995c-6019d1b3d62d,fc37c9de-8ea1-4a57-9c92-4800e21ad36c,7a9372b0-79e6-4c98-a92b-69be0dddf8c5,STUDENT,2025-10-05 23:39:23.18,2025-10-05 23:39:23.18
37648426-2fa7-433d-b77a-fcb3c2a2ecc7,e8cd3a99-5004-4f7b-99a7-0936ad9b06ee,838d93d8-b123-4f1d-8059-0e8c33031123,STUDENT,2025-10-05 23:39:22.875,2025-10-05 23:39:22.875
389a9168-42b2-40ec-9c51-b165b65fca1b,28a9c82f-45e7-4f8e-baa0-353ececbdba6,72516c50-8e2a-4ae5-865f-f9416254669f,STUDENT,2025-10-05 23:39:24.349,2025-10-05 23:39:24.349
3919ce5f-88c4-4bec-9266-e5be68ea186d,28a9c82f-45e7-4f8e-baa0-353ececbdba6,60675058-99df-4d8c-bcb5-4e45d5c42701,STUDENT,2025-10-05 23:39:22.578,2025-10-05 23:39:22.578
39ccb8a4-6035-42b3-9013-7bd99fa3787b,2a978357-9736-4a60-af7b-6ceb52780015,1d3d8bb7-1a40-4d00-b63c-9e533a92e5fb,STUDENT,2025-10-05 23:39:25.528,2025-10-05 23:39:25.528
39dee4af-9fd5-4925-a75d-997c18e635fd,fc37c9de-8ea1-4a57-9c92-4800e21ad36c,6e190522-01b5-452a-b8cb-b99961aa0bda,STUDENT,2025-10-05 23:39:24.936,2025-10-05 23:39:24.936
3a581d22-448a-4165-be2e-423b9bd9c26a,7db121b9-90e4-458f-9baa-c14a41ad4e03,838d93d8-b123-4f1d-8059-0e8c33031123,INSTRUCTOR,2025-10-05 23:39:16.974,2025-10-05 23:39:16.974
3afa8e32-ec1a-4ce6-9e85-09c91fa8afcd,21b6cca8-466e-4e36-a46e-cc656be2c8a3,7a9372b0-79e6-4c98-a92b-69be0dddf8c5,TA,2025-10-05 23:39:23.18,2025-10-05 23:39:23.18
3b70d861-bbca-4449-9bfa-c0c17b51ec3b,0db42da7-7cf4-4ed9-acfb-37ea977cfcce,5ea385f8-1da7-4113-bc0a-a7b5d6ffb864,TA,2025-10-05 23:39:26.393,2025-10-05 23:39:26.393
3bd997bc-ee1f-4ae1-84fe-2360f39bdf98,ae32cec0-0b4c-442b-abcb-a65486e9ec79,838d93d8-b123-4f1d-8059-0e8c33031123,STUDENT,2025-10-05 23:39:22.875,2025-10-05 23:39:22.875
3bf05571-0b98-48ac-bd0a-87498431f0f1,e8cd3a99-5004-4f7b-99a7-0936ad9b06ee,57dcfedf-1ba9-4f59-8c32-0d9a0d5a006d,STUDENT,2025-10-05 23:39:25.242,2025-10-05 23:39:25.242
3d3d3f73-2295-4f7d-8fdb-4dca6082086b,ae32cec0-0b4c-442b-abcb-a65486e9ec79,60675058-99df-4d8c-bcb5-4e45d5c42701,STUDENT,2025-10-05 23:39:22.578,2025-10-05 23:39:22.578
3dce0280-b3ad-473f-8f8b-4eb2cb68dc4f,8ca2942a-c704-4ca6-bc2b-c5206b7f99f9,838d93d8-b123-4f1d-8059-0e8c33031123,STUDENT,2025-10-05 23:39:22.875,2025-10-05 23:39:22.875
3eca42d7-c52b-4fe4-9e2e-5ca2cdea93bb,8c81a2fb-3a9b-46c6-848d-ebd6d41329d2,838d93d8-b123-4f1d-8059-0e8c33031123,STUDENT,2025-10-05 23:39:22.875,2025-10-05 23:39:22.875
3f6de5d9-3feb-4993-afaf-42f4bab2642e,8c81a2fb-3a9b-46c6-848d-ebd6d41329d2,6d84ec00-d196-4b3e-ab42-720510173769,STUDENT,2025-10-05 23:39:23.772,2025-10-05 23:39:23.772
405ab861-cfd6-4802-80de-9f2ac3ff9989,56a084f4-7b02-4365-a669-f0ea58e5bf1a,6e190522-01b5-452a-b8cb-b99961aa0bda,STUDENT,2025-10-05 23:39:24.936,2025-10-05 23:39:24.936
4128ba40-4e75-40ba-a345-48926ee2035b,56a084f4-7b02-4365-a669-f0ea58e5bf1a,74bfbcee-55f8-417a-8ed8-63dc2f96bc62,STUDENT,2025-10-05 23:39:26.972,2025-10-05 23:39:26.972
41bf7f2c-3b2d-4a64-90e5-e033dda09b7c,89d3711d-ba23-4efd-a071-017c4e935c5b,6d84ec00-d196-4b3e-ab42-720510173769,STUDENT,2025-10-05 23:39:23.772,2025-10-05 23:39:23.772
4214d7c1-c0c3-45f7-b007-c1ecdfb1fed6,a8c7b372-149e-49f1-b438-135ba1cd85b7,6d84ec00-d196-4b3e-ab42-720510173769,STUDENT,2025-10-05 23:39:23.772,2025-10-05 23:39:23.772
423a67a4-605a-4c27-9786-e5d9c9c3dadb,61ef0398-c7eb-4b0c-be3e-733fd86ddcd6,9ff696a2-c449-4a45-a8d1-cae11c7f09ce,STUDENT,2025-10-05 23:39:26.68,2025-10-05 23:39:26.68
4299d39a-81b1-4a0e-99dc-b5ab22b63cc4,6daffbf1-6aea-45fc-8d92-b1eb8d406c48,21fa6426-5847-4889-99ab-f7a3a4fed9dc,STUDENT,2025-10-05 23:39:24.055,2025-10-05 23:39:24.055
4324399b-8e2d-4f6f-87e9-fec780735398,1c2e8093-5b99-4ff0-be63-b43bffead0c9,6d84ec00-d196-4b3e-ab42-720510173769,STUDENT,2025-10-05 23:39:23.772,2025-10-05 23:39:23.772
4343057f-0344-41c4-8c38-dbddda8f80b8,ae32cec0-0b4c-442b-abcb-a65486e9ec79,1a24c5ce-04a6-4d2a-b9fd-1aea10c0ee65,STUDENT,2025-10-05 23:39:26.109,2025-10-05 23:39:26.109
43978f32-0107-4033-bad7-efb80dedc825,61ef0398-c7eb-4b0c-be3e-733fd86ddcd6,1d3d8bb7-1a40-4d00-b63c-9e533a92e5fb,STUDENT,2025-10-05 23:39:25.528,2025-10-05 23:39:25.528
45920683-9b8d-4cbf-8c17-c7ab4f419352,5ee93b3e-a750-4e8e-aff3-c32dd8af23a1,7a9372b0-79e6-4c98-a92b-69be0dddf8c5,STUDENT,2025-10-05 23:39:23.18,2025-10-05 23:39:23.18
4685e480-24a3-4ee7-b38f-76129e285583,21b6cca8-466e-4e36-a46e-cc656be2c8a3,9ff696a2-c449-4a45-a8d1-cae11c7f09ce,TA,2025-10-05 23:39:26.68,2025-10-05 23:39:26.68
47db9aad-c560-4fc7-9687-0859dc817029,5ee93b3e-a750-4e8e-aff3-c32dd8af23a1,838d93d8-b123-4f1d-8059-0e8c33031123,STUDENT,2025-10-05 23:39:22.875,2025-10-05 23:39:22.875
48bc257e-169e-4ccf-bd16-6785e1f66369,8ca2942a-c704-4ca6-bc2b-c5206b7f99f9,2da7d3c4-7978-45a6-92f6-23f75d41d643,STUDENT,2025-10-05 23:39:23.485,2025-10-05 23:39:23.485
4984f6b4-8c45-4f56-8e90-ad16be3712ce,28a9c82f-45e7-4f8e-baa0-353ececbdba6,5ea385f8-1da7-4113-bc0a-a7b5d6ffb864,STUDENT,2025-10-05 23:39:26.393,2025-10-05 23:39:26.393
498960d1-0df8-4997-95af-f7b43f19255b,427ba0cf-1a85-4a7a-a271-c79cb5f17880,1a24c5ce-04a6-4d2a-b9fd-1aea10c0ee65,STUDENT,2025-10-05 23:39:26.109,2025-10-05 23:39:26.109
49ef6e10-b6ca-4c80-91b1-ae9ee8cb28e9,ae32cec0-0b4c-442b-abcb-a65486e9ec79,3af068ab-c1ab-472e-9243-8b000925dc1f,STUDENT,2025-10-05 23:39:25.825,2025-10-05 23:39:25.825
4aa51a15-c8d6-4d12-b321-d11d7d368c70,56a084f4-7b02-4365-a669-f0ea58e5bf1a,5ea385f8-1da7-4113-bc0a-a7b5d6ffb864,STUDENT,2025-10-05 23:39:26.393,2025-10-05 23:39:26.393
4abf5ddb-fa16-4c8e-8bc8-fa59b87fa02f,a8c7b372-149e-49f1-b438-135ba1cd85b7,5ea385f8-1da7-4113-bc0a-a7b5d6ffb864,STUDENT,2025-10-05 23:39:26.393,2025-10-05 23:39:26.393
4c6436ce-7e74-4526-8fb2-6d86fe5e7d4a,e8cd3a99-5004-4f7b-99a7-0936ad9b06ee,9ff696a2-c449-4a45-a8d1-cae11c7f09ce,STUDENT,2025-10-05 23:39:26.68,2025-10-05 23:39:26.68
4cfc77de-584c-46c9-928f-8e1f55c32427,2a978357-9736-4a60-af7b-6ceb52780015,6d84ec00-d196-4b3e-ab42-720510173769,STUDENT,2025-10-05 23:39:23.772,2025-10-05 23:39:23.772
4d9d04da-1844-4e77-82f8-4152000167b7,80a0c014-4d1d-453a-ab42-86bc678992b0,838d93d8-b123-4f1d-8059-0e8c33031123,STUDENT,2025-10-05 23:39:22.875,2025-10-05 23:39:22.875
4e8bff34-e9fa-40aa-8842-9aaf6eecfcdd,28a9c82f-45e7-4f8e-baa0-353ececbdba6,57dcfedf-1ba9-4f59-8c32-0d9a0d5a006d,STUDENT,2025-10-05 23:39:25.242,2025-10-05 23:39:25.242
4f30b0ed-0ba8-43d9-a5ef-1b281338aa59,61ef0398-c7eb-4b0c-be3e-733fd86ddcd6,139f7263-47c0-4c6e-9e1a-32b45c4b949c,STUDENT,2025-10-05 23:39:24.636,2025-10-05 23:39:24.636
506e9d22-94ad-4842-888a-29a3bbb5db5e,5ee93b3e-a750-4e8e-aff3-c32dd8af23a1,1a24c5ce-04a6-4d2a-b9fd-1aea10c0ee65,STUDENT,2025-10-05 23:39:26.109,2025-10-05 23:39:26.109
515c023f-b500-48ad-9efb-99b4d096cdc2,ae32cec0-0b4c-442b-abcb-a65486e9ec79,74bfbcee-55f8-417a-8ed8-63dc2f96bc62,STUDENT,2025-10-05 23:39:26.972,2025-10-05 23:39:26.972
5178d254-48af-4407-bb3e-512be9c72b19,56a084f4-7b02-4365-a669-f0ea58e5bf1a,57dcfedf-1ba9-4f59-8c32-0d9a0d5a006d,STUDENT,2025-10-05 23:39:25.242,2025-10-05 23:39:25.242
52023ed0-3905-431e-b3e4-4f2e43966a98,28a9c82f-45e7-4f8e-baa0-353ececbdba6,7a9372b0-79e6-4c98-a92b-69be0dddf8c5,STUDENT,2025-10-05 23:39:23.18,2025-10-05 23:39:23.18
525b814f-14fb-4aae-82b4-c740f6300c4f,1c2e8093-5b99-4ff0-be63-b43bffead0c9,3af068ab-c1ab-472e-9243-8b000925dc1f,STUDENT,2025-10-05 23:39:25.825,2025-10-05 23:39:25.825
52b2949b-ff07-4097-8acf-076311649581,66347c60-36ca-496f-bfde-371403fce918,21fa6426-5847-4889-99ab-f7a3a4fed9dc,STUDENT,2025-10-05 23:39:24.055,2025-10-05 23:39:24.055
5b4a5a1f-89e4-424d-9d75-209b6b75b5f2,fc37c9de-8ea1-4a57-9c92-4800e21ad36c,60675058-99df-4d8c-bcb5-4e45d5c42701,STUDENT,2025-10-05 23:39:22.578,2025-10-05 23:39:22.578
5c1b527d-a059-41da-9b0c-90a8fdaaee21,e8cd3a99-5004-4f7b-99a7-0936ad9b06ee,21fa6426-5847-4889-99ab-f7a3a4fed9dc,STUDENT,2025-10-05 23:39:24.055,2025-10-05 23:39:24.055
5d188d20-91a4-4202-b88d-5d867749db83,8c81a2fb-3a9b-46c6-848d-ebd6d41329d2,1d3d8bb7-1a40-4d00-b63c-9e533a92e5fb,STUDENT,2025-10-05 23:39:25.528,2025-10-05 23:39:25.528
5d32b174-acc7-4c8d-975e-99eddafe5dc3,427ba0cf-1a85-4a7a-a271-c79cb5f17880,9ff696a2-c449-4a45-a8d1-cae11c7f09ce,STUDENT,2025-10-05 23:39:26.68,2025-10-05 23:39:26.68
5df95cfd-2721-43db-9635-c72accc74f8b,95ed28c8-1480-425c-b5b1-3ce7f489e69e,7a9372b0-79e6-4c98-a92b-69be0dddf8c5,STUDENT,2025-10-05 23:39:23.18,2025-10-05 23:39:23.18
5e54babc-0fcb-4c47-8302-bd28f5346d7a,66347c60-36ca-496f-bfde-371403fce918,6e190522-01b5-452a-b8cb-b99961aa0bda,STUDENT,2025-10-05 23:39:24.936,2025-10-05 23:39:24.936
5f1118a7-31fb-48a0-8ac2-b5605be7ba5e,5ee93b3e-a750-4e8e-aff3-c32dd8af23a1,5ea385f8-1da7-4113-bc0a-a7b5d6ffb864,STUDENT,2025-10-05 23:39:26.393,2025-10-05 23:39:26.393
5f15c1a3-863e-4081-9d91-54a204e539c0,6daffbf1-6aea-45fc-8d92-b1eb8d406c48,60675058-99df-4d8c-bcb5-4e45d5c42701,STUDENT,2025-10-05 23:39:22.578,2025-10-05 23:39:22.578
5fe68489-2383-44bc-9f62-92eaf9347969,61ef0398-c7eb-4b0c-be3e-733fd86ddcd6,60675058-99df-4d8c-bcb5-4e45d5c42701,STUDENT,2025-10-05 23:39:22.578,2025-10-05 23:39:22.578
607a097b-ecc3-460d-ada5-0c3155bd187a,89d3711d-ba23-4efd-a071-017c4e935c5b,21fa6426-5847-4889-99ab-f7a3a4fed9dc,STUDENT,2025-10-05 23:39:24.055,2025-10-05 23:39:24.055
613c81ee-058b-41c1-bf0f-acfc8a7e346e,8c81a2fb-3a9b-46c6-848d-ebd6d41329d2,57dcfedf-1ba9-4f59-8c32-0d9a0d5a006d,STUDENT,2025-10-05 23:39:25.242,2025-10-05 23:39:25.242
6150cdbb-f18c-420a-bc70-d848998542b9,21b6cca8-466e-4e36-a46e-cc656be2c8a3,74bfbcee-55f8-417a-8ed8-63dc2f96bc62,TA,2025-10-05 23:39:26.972,2025-10-05 23:39:26.972
6244ccc2-0dd2-4151-849a-16d151d4ada9,fc37c9de-8ea1-4a57-9c92-4800e21ad36c,72516c50-8e2a-4ae5-865f-f9416254669f,STUDENT,2025-10-05 23:39:24.349,2025-10-05 23:39:24.349
62bc80b3-f56b-46b5-a0c9-a527571942ff,a8c7b372-149e-49f1-b438-135ba1cd85b7,1a24c5ce-04a6-4d2a-b9fd-1aea10c0ee65,STUDENT,2025-10-05 23:39:26.109,2025-10-05 23:39:26.109
62cdee00-d6b2-4850-9825-0f6f7c2b099e,61ef0398-c7eb-4b0c-be3e-733fd86ddcd6,3af068ab-c1ab-472e-9243-8b000925dc1f,STUDENT,2025-10-05 23:39:25.825,2025-10-05 23:39:25.825
6571b518-3e5f-4231-9266-fd88e0e518ae,6daffbf1-6aea-45fc-8d92-b1eb8d406c48,72516c50-8e2a-4ae5-865f-f9416254669f,STUDENT,2025-10-05 23:39:24.349,2025-10-05 23:39:24.349
6695f61d-f431-46f6-adde-8b3a2db2bad1,d457630e-a4a4-4507-b037-b0386b224f2d,74bfbcee-55f8-417a-8ed8-63dc2f96bc62,STUDENT,2025-10-05 23:39:26.972,2025-10-05 23:39:26.972
6703ea56-98e0-4da7-aeff-e2421043ad8d,5ee93b3e-a750-4e8e-aff3-c32dd8af23a1,3af068ab-c1ab-472e-9243-8b000925dc1f,STUDENT,2025-10-05 23:39:25.825,2025-10-05 23:39:25.825
6704c404-f58d-47bc-86c0-09bbd5523ccc,2a978357-9736-4a60-af7b-6ceb52780015,74bfbcee-55f8-417a-8ed8-63dc2f96bc62,STUDENT,2025-10-05 23:39:26.972,2025-10-05 23:39:26.972
67722b64-eb52-4edd-a90b-c73c08d85e53,95ed28c8-1480-425c-b5b1-3ce7f489e69e,2da7d3c4-7978-45a6-92f6-23f75d41d643,STUDENT,2025-10-05 23:39:23.485,2025-10-05 23:39:23.485
67c03170-78dd-43c5-bd37-1ecca7dd5e02,d457630e-a4a4-4507-b037-b0386b224f2d,1d3d8bb7-1a40-4d00-b63c-9e533a92e5fb,STUDENT,2025-10-05 23:39:25.528,2025-10-05 23:39:25.528
68e96276-c88a-4d6f-a959-10a0a5cf2b31,e8cd3a99-5004-4f7b-99a7-0936ad9b06ee,1d3d8bb7-1a40-4d00-b63c-9e533a92e5fb,STUDENT,2025-10-05 23:39:25.528,2025-10-05 23:39:25.528
692eda3c-4186-4fda-8ac8-9b922a00eb2a,89d3711d-ba23-4efd-a071-017c4e935c5b,7a9372b0-79e6-4c98-a92b-69be0dddf8c5,STUDENT,2025-10-05 23:39:23.18,2025-10-05 23:39:23.18
6a62dd5d-f8b5-4bc9-8193-d8253e701322,d457630e-a4a4-4507-b037-b0386b224f2d,72516c50-8e2a-4ae5-865f-f9416254669f,STUDENT,2025-10-05 23:39:24.349,2025-10-05 23:39:24.349
6a7ad6d0-19d4-4f2b-af4c-d889fddd3b3d,ae32cec0-0b4c-442b-abcb-a65486e9ec79,9ff696a2-c449-4a45-a8d1-cae11c7f09ce,STUDENT,2025-10-05 23:39:26.68,2025-10-05 23:39:26.68
6a9dc9ed-523b-4178-911d-ef2656c04dfe,0db42da7-7cf4-4ed9-acfb-37ea977cfcce,6d84ec00-d196-4b3e-ab42-720510173769,TA,2025-10-05 23:39:23.772,2025-10-05 23:39:23.772
6d7beb33-f3cf-4e41-a458-0e120fc16f1f,1c2e8093-5b99-4ff0-be63-b43bffead0c9,7a9372b0-79e6-4c98-a92b-69be0dddf8c5,STUDENT,2025-10-05 23:39:23.18,2025-10-05 23:39:23.18
6dcb2c95-eddf-4b76-92dd-cdd3908c412a,95ed28c8-1480-425c-b5b1-3ce7f489e69e,57dcfedf-1ba9-4f59-8c32-0d9a0d5a006d,STUDENT,2025-10-05 23:39:25.242,2025-10-05 23:39:25.242
6e5dd3b5-46a7-41b9-9494-9362ef3fbbc5,a8c7b372-149e-49f1-b438-135ba1cd85b7,9ff696a2-c449-4a45-a8d1-cae11c7f09ce,STUDENT,2025-10-05 23:39:26.68,2025-10-05 23:39:26.68
6f26b9f3-bd9b-4a64-ae9b-1eaaaab06b6d,0db42da7-7cf4-4ed9-acfb-37ea977cfcce,139f7263-47c0-4c6e-9e1a-32b45c4b949c,TA,2025-10-05 23:39:24.636,2025-10-05 23:39:24.636
6fc10971-966c-4f00-9434-d16d717bc866,e8cd3a99-5004-4f7b-99a7-0936ad9b06ee,74bfbcee-55f8-417a-8ed8-63dc2f96bc62,STUDENT,2025-10-05 23:39:26.972,2025-10-05 23:39:26.972
7014fa9e-faf0-40a1-aef1-46d86b29eb6f,0db42da7-7cf4-4ed9-acfb-37ea977cfcce,838d93d8-b123-4f1d-8059-0e8c33031123,TA,2025-10-05 23:39:22.875,2025-10-05 23:39:22.875
704cbfe8-dfaf-43b1-96f6-c542031ec204,66347c60-36ca-496f-bfde-371403fce918,1a24c5ce-04a6-4d2a-b9fd-1aea10c0ee65,STUDENT,2025-10-05 23:39:26.109,2025-10-05 23:39:26.109
70b2b359-faff-434a-8796-a3d26e25de3b,21b6cca8-466e-4e36-a46e-cc656be2c8a3,838d93d8-b123-4f1d-8059-0e8c33031123,TA,2025-10-05 23:39:22.875,2025-10-05 23:39:22.875
72b7f22c-2b12-4adc-9724-f13607392c2c,da5d36c8-0072-42de-875e-ec26eccfef82,5ea385f8-1da7-4113-bc0a-a7b5d6ffb864,INSTRUCTOR,2025-10-05 23:39:21.482,2025-10-05 23:39:21.482
73c3e71b-8abf-4723-a91f-eea6776efe04,e8cd3a99-5004-4f7b-99a7-0936ad9b06ee,5ea385f8-1da7-4113-bc0a-a7b5d6ffb864,STUDENT,2025-10-05 23:39:26.393,2025-10-05 23:39:26.393
758c0101-6546-4cc5-b16d-12c3969dfa00,66347c60-36ca-496f-bfde-371403fce918,3af068ab-c1ab-472e-9243-8b000925dc1f,STUDENT,2025-10-05 23:39:25.825,2025-10-05 23:39:25.825
75991b81-5cf0-4201-a355-29953b7b4c83,8ca2942a-c704-4ca6-bc2b-c5206b7f99f9,3af068ab-c1ab-472e-9243-8b000925dc1f,STUDENT,2025-10-05 23:39:25.825,2025-10-05 23:39:25.825
76b82159-69d9-4a5b-a9d6-d12af81d2392,fc37c9de-8ea1-4a57-9c92-4800e21ad36c,9ff696a2-c449-4a45-a8d1-cae11c7f09ce,STUDENT,2025-10-05 23:39:26.68,2025-10-05 23:39:26.68
76c57e68-afd0-4f77-857c-120fb0a181c4,2a978357-9736-4a60-af7b-6ceb52780015,139f7263-47c0-4c6e-9e1a-32b45c4b949c,STUDENT,2025-10-05 23:39:24.636,2025-10-05 23:39:24.636
76e4b19d-0549-4d82-89b7-106567f4eff7,21b6cca8-466e-4e36-a46e-cc656be2c8a3,60675058-99df-4d8c-bcb5-4e45d5c42701,TA,2025-10-05 23:39:22.578,2025-10-05 23:39:22.578
7736f9e8-4219-48f8-bb75-d494b9d69783,1c2e8093-5b99-4ff0-be63-b43bffead0c9,60675058-99df-4d8c-bcb5-4e45d5c42701,STUDENT,2025-10-05 23:39:22.578,2025-10-05 23:39:22.578
779335ca-c667-41dc-8ee5-b0d48c86a9b8,8c81a2fb-3a9b-46c6-848d-ebd6d41329d2,60675058-99df-4d8c-bcb5-4e45d5c42701,STUDENT,2025-10-05 23:39:22.578,2025-10-05 23:39:22.578
77ca9301-dac5-458b-ae35-5b17f000b234,89d3711d-ba23-4efd-a071-017c4e935c5b,60675058-99df-4d8c-bcb5-4e45d5c42701,STUDENT,2025-10-05 23:39:22.578,2025-10-05 23:39:22.578
78d3c7c4-05f0-4a77-b3da-8af501bf1723,e8cd3a99-5004-4f7b-99a7-0936ad9b06ee,7a9372b0-79e6-4c98-a92b-69be0dddf8c5,STUDENT,2025-10-05 23:39:23.18,2025-10-05 23:39:23.18
7b163e31-3952-4d74-b7a4-19f6670c562b,80a0c014-4d1d-453a-ab42-86bc678992b0,1d3d8bb7-1a40-4d00-b63c-9e533a92e5fb,STUDENT,2025-10-05 23:39:25.528,2025-10-05 23:39:25.528
7b45b204-c398-404d-896c-56c6ba5a6eee,5ee93b3e-a750-4e8e-aff3-c32dd8af23a1,60675058-99df-4d8c-bcb5-4e45d5c42701,STUDENT,2025-10-05 23:39:22.578,2025-10-05 23:39:22.578
7dce1967-d2c5-455b-890b-4ad0356bdf9f,89d3711d-ba23-4efd-a071-017c4e935c5b,6e190522-01b5-452a-b8cb-b99961aa0bda,STUDENT,2025-10-05 23:39:24.936,2025-10-05 23:39:24.936
7e4442bd-dc5c-4861-8b41-d7c5158e51e5,61ef0398-c7eb-4b0c-be3e-733fd86ddcd6,838d93d8-b123-4f1d-8059-0e8c33031123,STUDENT,2025-10-05 23:39:22.875,2025-10-05 23:39:22.875
7e5e8ec2-2cba-48e6-9ade-e3fd99c05f0b,a4625a19-9a05-4166-b982-bc36ce18c7c6,3af068ab-c1ab-472e-9243-8b000925dc1f,INSTRUCTOR,2025-10-05 23:39:20.699,2025-10-05 23:39:20.699
7f49f5f4-35bd-4420-87c4-ee0938724528,83419437-35ee-41f7-8289-a1b7bc1c0068,74bfbcee-55f8-417a-8ed8-63dc2f96bc62,STUDENT,2025-10-05 23:39:26.972,2025-10-05 23:39:26.972
8049f39e-c8d7-4a92-a6fe-1757fdb614b9,8c81a2fb-3a9b-46c6-848d-ebd6d41329d2,5ea385f8-1da7-4113-bc0a-a7b5d6ffb864,STUDENT,2025-10-05 23:39:26.393,2025-10-05 23:39:26.393
807f2672-5093-4870-8bf5-ddaeaa5e8cd1,66347c60-36ca-496f-bfde-371403fce918,60675058-99df-4d8c-bcb5-4e45d5c42701,STUDENT,2025-10-05 23:39:22.578,2025-10-05 23:39:22.578
808dc5d6-0119-49a1-909d-282531f85f24,83419437-35ee-41f7-8289-a1b7bc1c0068,5ea385f8-1da7-4113-bc0a-a7b5d6ffb864,STUDENT,2025-10-05 23:39:26.393,2025-10-05 23:39:26.393
80db2c57-5882-402f-9635-4cf49b181069,2a978357-9736-4a60-af7b-6ceb52780015,57dcfedf-1ba9-4f59-8c32-0d9a0d5a006d,STUDENT,2025-10-05 23:39:25.242,2025-10-05 23:39:25.242
81379dc2-af37-493e-9ce8-1809490aac16,a8c7b372-149e-49f1-b438-135ba1cd85b7,60675058-99df-4d8c-bcb5-4e45d5c42701,STUDENT,2025-10-05 23:39:22.578,2025-10-05 23:39:22.578
81f63c58-1fa3-4a00-8ea4-c7a303a2c215,d457630e-a4a4-4507-b037-b0386b224f2d,1a24c5ce-04a6-4d2a-b9fd-1aea10c0ee65,STUDENT,2025-10-05 23:39:26.109,2025-10-05 23:39:26.109
839960e8-d86b-4124-8b4c-7974ff992936,66347c60-36ca-496f-bfde-371403fce918,72516c50-8e2a-4ae5-865f-f9416254669f,STUDENT,2025-10-05 23:39:24.349,2025-10-05 23:39:24.349
841fd564-76bd-4d0d-a49d-957d47f71d42,a8c7b372-149e-49f1-b438-135ba1cd85b7,7a9372b0-79e6-4c98-a92b-69be0dddf8c5,STUDENT,2025-10-05 23:39:23.18,2025-10-05 23:39:23.18
8520893f-375c-4a36-84c2-52641d9abd53,66347c60-36ca-496f-bfde-371403fce918,1d3d8bb7-1a40-4d00-b63c-9e533a92e5fb,STUDENT,2025-10-05 23:39:25.528,2025-10-05 23:39:25.528
85e64bf3-9937-49fd-9726-a86e09668f9f,a4625a19-9a05-4166-b982-bc36ce18c7c6,1d3d8bb7-1a40-4d00-b63c-9e533a92e5fb,INSTRUCTOR,2025-10-05 23:39:20.33,2025-10-05 23:39:20.33
860464e0-70a5-4df9-b5eb-e719a0a53858,5ee93b3e-a750-4e8e-aff3-c32dd8af23a1,2da7d3c4-7978-45a6-92f6-23f75d41d643,STUDENT,2025-10-05 23:39:23.485,2025-10-05 23:39:23.485
86640ef6-5b59-4018-bae4-ea3d1325def9,61ef0398-c7eb-4b0c-be3e-733fd86ddcd6,5ea385f8-1da7-4113-bc0a-a7b5d6ffb864,STUDENT,2025-10-05 23:39:26.393,2025-10-05 23:39:26.393
869a290a-6b13-46ac-9934-06ced357b052,61ef0398-c7eb-4b0c-be3e-733fd86ddcd6,7a9372b0-79e6-4c98-a92b-69be0dddf8c5,STUDENT,2025-10-05 23:39:23.18,2025-10-05 23:39:23.18
877bb054-a71b-44b8-97fc-73db26398972,8ca2942a-c704-4ca6-bc2b-c5206b7f99f9,139f7263-47c0-4c6e-9e1a-32b45c4b949c,STUDENT,2025-10-05 23:39:24.636,2025-10-05 23:39:24.636
882eb607-002a-47b6-88aa-27c57cfd9ecb,7db121b9-90e4-458f-9baa-c14a41ad4e03,60675058-99df-4d8c-bcb5-4e45d5c42701,INSTRUCTOR,2025-10-05 23:39:16.587,2025-10-05 23:39:16.587
88fe682b-861e-4e80-8ddb-a193c89b3b08,427ba0cf-1a85-4a7a-a271-c79cb5f17880,6d84ec00-d196-4b3e-ab42-720510173769,STUDENT,2025-10-05 23:39:23.772,2025-10-05 23:39:23.772
8905175b-6247-48dd-99a1-f19f8ff49b9a,fc37c9de-8ea1-4a57-9c92-4800e21ad36c,5ea385f8-1da7-4113-bc0a-a7b5d6ffb864,STUDENT,2025-10-05 23:39:26.393,2025-10-05 23:39:26.393
89e53fab-2ea3-4daf-9070-558c3fa37f0e,55c09bde-da6d-45cd-853f-9de5d7390770,2da7d3c4-7978-45a6-92f6-23f75d41d643,INSTRUCTOR,2025-10-05 23:39:17.71,2025-10-05 23:39:17.71
89e57f9a-ea6e-4084-8e2c-fe2b4c885a95,89d3711d-ba23-4efd-a071-017c4e935c5b,1a24c5ce-04a6-4d2a-b9fd-1aea10c0ee65,STUDENT,2025-10-05 23:39:26.109,2025-10-05 23:39:26.109
8a16e0af-837e-45a9-927b-596245ccbb8d,427ba0cf-1a85-4a7a-a271-c79cb5f17880,6e190522-01b5-452a-b8cb-b99961aa0bda,STUDENT,2025-10-05 23:39:24.936,2025-10-05 23:39:24.936
8a494a27-daee-4784-b52e-eaa7a9f1ea0b,d457630e-a4a4-4507-b037-b0386b224f2d,60675058-99df-4d8c-bcb5-4e45d5c42701,STUDENT,2025-10-05 23:39:22.578,2025-10-05 23:39:22.578
8aa31b4d-ace2-4479-8369-6eb9d73e4e4b,56a084f4-7b02-4365-a669-f0ea58e5bf1a,139f7263-47c0-4c6e-9e1a-32b45c4b949c,STUDENT,2025-10-05 23:39:24.636,2025-10-05 23:39:24.636
8b136483-645e-4507-a606-6806177788e6,5ee93b3e-a750-4e8e-aff3-c32dd8af23a1,6d84ec00-d196-4b3e-ab42-720510173769,STUDENT,2025-10-05 23:39:23.772,2025-10-05 23:39:23.772
8bc45e45-f1f5-457c-9d3f-39ed64aa4732,61ef0398-c7eb-4b0c-be3e-733fd86ddcd6,2da7d3c4-7978-45a6-92f6-23f75d41d643,STUDENT,2025-10-05 23:39:23.485,2025-10-05 23:39:23.485
8efafb5c-2ec9-4167-936e-218060e4a35c,d457630e-a4a4-4507-b037-b0386b224f2d,838d93d8-b123-4f1d-8059-0e8c33031123,STUDENT,2025-10-05 23:39:22.875,2025-10-05 23:39:22.875
8fb60e57-0630-47ab-ae5a-3f8dc36543e1,2a978357-9736-4a60-af7b-6ceb52780015,72516c50-8e2a-4ae5-865f-f9416254669f,STUDENT,2025-10-05 23:39:24.349,2025-10-05 23:39:24.349
8fbaf0d7-1f41-47ea-af10-0e16dde922b7,427ba0cf-1a85-4a7a-a271-c79cb5f17880,21fa6426-5847-4889-99ab-f7a3a4fed9dc,STUDENT,2025-10-05 23:39:24.055,2025-10-05 23:39:24.055
932d024b-0c99-4ae4-a1b4-32adbfc0a025,61ef0398-c7eb-4b0c-be3e-733fd86ddcd6,57dcfedf-1ba9-4f59-8c32-0d9a0d5a006d,STUDENT,2025-10-05 23:39:25.242,2025-10-05 23:39:25.242
932dc732-9b5b-4fd4-aedf-d1de9d63c2e4,56a084f4-7b02-4365-a669-f0ea58e5bf1a,21fa6426-5847-4889-99ab-f7a3a4fed9dc,STUDENT,2025-10-05 23:39:24.055,2025-10-05 23:39:24.055
9340c999-82c8-4b67-861f-92e0a395d9b0,6daffbf1-6aea-45fc-8d92-b1eb8d406c48,9ff696a2-c449-4a45-a8d1-cae11c7f09ce,STUDENT,2025-10-05 23:39:26.68,2025-10-05 23:39:26.68
9417bc27-79ba-4c6d-a47a-163d86e9f38c,83419437-35ee-41f7-8289-a1b7bc1c0068,6d84ec00-d196-4b3e-ab42-720510173769,STUDENT,2025-10-05 23:39:23.772,2025-10-05 23:39:23.772
94c8b12b-70fc-4ce0-b095-712a17233b3b,28a9c82f-45e7-4f8e-baa0-353ececbdba6,2da7d3c4-7978-45a6-92f6-23f75d41d643,STUDENT,2025-10-05 23:39:23.485,2025-10-05 23:39:23.485
94fffc17-78ac-41aa-97f6-d6df80fe6789,95ed28c8-1480-425c-b5b1-3ce7f489e69e,6d84ec00-d196-4b3e-ab42-720510173769,STUDENT,2025-10-05 23:39:23.772,2025-10-05 23:39:23.772
9537982c-0346-4e31-a41f-75054e355fed,83419437-35ee-41f7-8289-a1b7bc1c0068,139f7263-47c0-4c6e-9e1a-32b45c4b949c,STUDENT,2025-10-05 23:39:24.636,2025-10-05 23:39:24.636
963d73bc-47e5-4398-bcec-2c095feaba2c,0db42da7-7cf4-4ed9-acfb-37ea977cfcce,60675058-99df-4d8c-bcb5-4e45d5c42701,TA,2025-10-05 23:39:22.578,2025-10-05 23:39:22.578
96def639-6ac5-4376-9e59-cbe36ae1b362,fc37c9de-8ea1-4a57-9c92-4800e21ad36c,1d3d8bb7-1a40-4d00-b63c-9e533a92e5fb,STUDENT,2025-10-05 23:39:25.528,2025-10-05 23:39:25.528
97c3484d-b0a2-4444-9c61-a752515fd616,e8489858-4b4c-4c69-a143-24300bdf84b3,9ff696a2-c449-4a45-a8d1-cae11c7f09ce,INSTRUCTOR,2025-10-05 23:39:21.864,2025-10-05 23:39:21.864
97f66ba8-953b-4c77-8901-4d0cce7c322d,8c81a2fb-3a9b-46c6-848d-ebd6d41329d2,21fa6426-5847-4889-99ab-f7a3a4fed9dc,STUDENT,2025-10-05 23:39:24.055,2025-10-05 23:39:24.055
988cf641-f967-47b4-a870-e8d49f4df6f3,56a084f4-7b02-4365-a669-f0ea58e5bf1a,72516c50-8e2a-4ae5-865f-f9416254669f,STUDENT,2025-10-05 23:39:24.349,2025-10-05 23:39:24.349
98f00754-2e3f-4699-a9bd-2ad57b31762b,21b6cca8-466e-4e36-a46e-cc656be2c8a3,3af068ab-c1ab-472e-9243-8b000925dc1f,TA,2025-10-05 23:39:25.825,2025-10-05 23:39:25.825
991438b9-2fb6-4555-955a-904a6212a146,e8cd3a99-5004-4f7b-99a7-0936ad9b06ee,1a24c5ce-04a6-4d2a-b9fd-1aea10c0ee65,STUDENT,2025-10-05 23:39:26.109,2025-10-05 23:39:26.109
9ae8af1b-048c-4eea-a4ef-fadc1af83b2e,8c81a2fb-3a9b-46c6-848d-ebd6d41329d2,2da7d3c4-7978-45a6-92f6-23f75d41d643,STUDENT,2025-10-05 23:39:23.485,2025-10-05 23:39:23.485
9b11395a-0f6a-47ee-8adf-5b15bd606533,8c81a2fb-3a9b-46c6-848d-ebd6d41329d2,7a9372b0-79e6-4c98-a92b-69be0dddf8c5,STUDENT,2025-10-05 23:39:23.18,2025-10-05 23:39:23.18
9be95776-9a49-4c36-9379-117c7ba3420d,56a084f4-7b02-4365-a669-f0ea58e5bf1a,838d93d8-b123-4f1d-8059-0e8c33031123,STUDENT,2025-10-05 23:39:22.875,2025-10-05 23:39:22.875
9cab41d6-e86a-4a98-bdb7-380aa935257f,5ee93b3e-a750-4e8e-aff3-c32dd8af23a1,72516c50-8e2a-4ae5-865f-f9416254669f,STUDENT,2025-10-05 23:39:24.349,2025-10-05 23:39:24.349
9cc2e7e6-f4b2-4d36-9f77-ea84df0ebaa4,6daffbf1-6aea-45fc-8d92-b1eb8d406c48,5ea385f8-1da7-4113-bc0a-a7b5d6ffb864,STUDENT,2025-10-05 23:39:26.393,2025-10-05 23:39:26.393
9da83606-da4e-49a5-a864-53271db561d8,83419437-35ee-41f7-8289-a1b7bc1c0068,9ff696a2-c449-4a45-a8d1-cae11c7f09ce,STUDENT,2025-10-05 23:39:26.68,2025-10-05 23:39:26.68
9ff6a18d-67f8-4793-9191-d3279b172e6c,80a0c014-4d1d-453a-ab42-86bc678992b0,6e190522-01b5-452a-b8cb-b99961aa0bda,STUDENT,2025-10-05 23:39:24.936,2025-10-05 23:39:24.936
a09ab7e6-ef2a-4b23-9d57-2c4a173ba91f,28a9c82f-45e7-4f8e-baa0-353ececbdba6,6d84ec00-d196-4b3e-ab42-720510173769,STUDENT,2025-10-05 23:39:23.772,2025-10-05 23:39:23.772
a0af88e1-74a0-4bf9-a87d-be34073af6c8,21b6cca8-466e-4e36-a46e-cc656be2c8a3,5ea385f8-1da7-4113-bc0a-a7b5d6ffb864,TA,2025-10-05 23:39:26.393,2025-10-05 23:39:26.393
a0b41131-ac65-4606-b545-104b05ce7791,5ee93b3e-a750-4e8e-aff3-c32dd8af23a1,139f7263-47c0-4c6e-9e1a-32b45c4b949c,STUDENT,2025-10-05 23:39:24.636,2025-10-05 23:39:24.636
a0fe2b53-eeac-485f-9627-ce66e6bc897d,a8c7b372-149e-49f1-b438-135ba1cd85b7,21fa6426-5847-4889-99ab-f7a3a4fed9dc,STUDENT,2025-10-05 23:39:24.055,2025-10-05 23:39:24.055
a16e6742-bdcc-4cef-843c-c644ef841f79,a8c7b372-149e-49f1-b438-135ba1cd85b7,74bfbcee-55f8-417a-8ed8-63dc2f96bc62,STUDENT,2025-10-05 23:39:26.972,2025-10-05 23:39:26.972
a17e2b87-f312-4b79-9b32-82e55fe5b2a1,28a9c82f-45e7-4f8e-baa0-353ececbdba6,1a24c5ce-04a6-4d2a-b9fd-1aea10c0ee65,STUDENT,2025-10-05 23:39:26.109,2025-10-05 23:39:26.109
a18075c9-b0fa-48dc-a6ed-68c113705ef3,2a978357-9736-4a60-af7b-6ceb52780015,21fa6426-5847-4889-99ab-f7a3a4fed9dc,STUDENT,2025-10-05 23:39:24.055,2025-10-05 23:39:24.055
a29e92f8-88f1-46bf-86f0-bf133b1960f7,21b6cca8-466e-4e36-a46e-cc656be2c8a3,72516c50-8e2a-4ae5-865f-f9416254669f,TA,2025-10-05 23:39:24.349,2025-10-05 23:39:24.349
a37c7408-0c91-4406-869e-99c55214910c,8c81a2fb-3a9b-46c6-848d-ebd6d41329d2,74bfbcee-55f8-417a-8ed8-63dc2f96bc62,STUDENT,2025-10-05 23:39:26.972,2025-10-05 23:39:26.972
a3d020d2-5074-418b-917d-38c1a74ac3f9,2a978357-9736-4a60-af7b-6ceb52780015,5ea385f8-1da7-4113-bc0a-a7b5d6ffb864,STUDENT,2025-10-05 23:39:26.393,2025-10-05 23:39:26.393
a4479efc-9f72-46bc-9e2a-74e65a91acb8,95ed28c8-1480-425c-b5b1-3ce7f489e69e,72516c50-8e2a-4ae5-865f-f9416254669f,STUDENT,2025-10-05 23:39:24.349,2025-10-05 23:39:24.349
a89a2f61-ba0b-41dc-bc40-16122ee1f5b7,89d3711d-ba23-4efd-a071-017c4e935c5b,74bfbcee-55f8-417a-8ed8-63dc2f96bc62,STUDENT,2025-10-05 23:39:26.972,2025-10-05 23:39:26.972
ab736bf4-26a1-4490-a379-29a5d603ffba,427ba0cf-1a85-4a7a-a271-c79cb5f17880,60675058-99df-4d8c-bcb5-4e45d5c42701,STUDENT,2025-10-05 23:39:22.578,2025-10-05 23:39:22.578
abb4a117-4e65-4071-98ff-502b51f1dd15,28a9c82f-45e7-4f8e-baa0-353ececbdba6,1d3d8bb7-1a40-4d00-b63c-9e533a92e5fb,STUDENT,2025-10-05 23:39:25.528,2025-10-05 23:39:25.528
ac698d34-af2f-4e33-a25b-65a71033cb15,fc37c9de-8ea1-4a57-9c92-4800e21ad36c,1a24c5ce-04a6-4d2a-b9fd-1aea10c0ee65,STUDENT,2025-10-05 23:39:26.109,2025-10-05 23:39:26.109
ad663def-396b-4012-b533-2e82ce331025,21b6cca8-466e-4e36-a46e-cc656be2c8a3,6e190522-01b5-452a-b8cb-b99961aa0bda,TA,2025-10-05 23:39:24.936,2025-10-05 23:39:24.936
ad74231b-6284-415a-86fb-cc17da7f4152,1c2e8093-5b99-4ff0-be63-b43bffead0c9,5ea385f8-1da7-4113-bc0a-a7b5d6ffb864,STUDENT,2025-10-05 23:39:26.393,2025-10-05 23:39:26.393
ae5aa381-75f1-46ae-818c-0f3f69953929,5ee93b3e-a750-4e8e-aff3-c32dd8af23a1,9ff696a2-c449-4a45-a8d1-cae11c7f09ce,STUDENT,2025-10-05 23:39:26.68,2025-10-05 23:39:26.68
aee6dffa-0ba3-4345-ada3-d60ed2459c2c,a8c7b372-149e-49f1-b438-135ba1cd85b7,139f7263-47c0-4c6e-9e1a-32b45c4b949c,STUDENT,2025-10-05 23:39:24.636,2025-10-05 23:39:24.636
b00c7a72-3e12-4797-a685-77c0afdf9358,1c2e8093-5b99-4ff0-be63-b43bffead0c9,72516c50-8e2a-4ae5-865f-f9416254669f,STUDENT,2025-10-05 23:39:24.349,2025-10-05 23:39:24.349
b24d9eb1-fa80-40fd-aeb8-0f81c80c349e,8ca2942a-c704-4ca6-bc2b-c5206b7f99f9,21fa6426-5847-4889-99ab-f7a3a4fed9dc,STUDENT,2025-10-05 23:39:24.055,2025-10-05 23:39:24.055
b2d328ee-eb7e-4bce-8da7-eb587be55a7f,a8c7b372-149e-49f1-b438-135ba1cd85b7,1d3d8bb7-1a40-4d00-b63c-9e533a92e5fb,STUDENT,2025-10-05 23:39:25.528,2025-10-05 23:39:25.528
b38dd3f2-1680-4d63-8cb7-2fe326d3205e,8ca2942a-c704-4ca6-bc2b-c5206b7f99f9,72516c50-8e2a-4ae5-865f-f9416254669f,STUDENT,2025-10-05 23:39:24.349,2025-10-05 23:39:24.349
b3c39800-95f7-47f0-8849-2a88ad14af85,da5d36c8-0072-42de-875e-ec26eccfef82,1a24c5ce-04a6-4d2a-b9fd-1aea10c0ee65,INSTRUCTOR,2025-10-05 23:39:21.066,2025-10-05 23:39:21.066
b5c1bbe1-410d-4c58-8dc0-912c8537ec81,0db42da7-7cf4-4ed9-acfb-37ea977cfcce,6e190522-01b5-452a-b8cb-b99961aa0bda,TA,2025-10-05 23:39:24.936,2025-10-05 23:39:24.936
b5d78a00-1b45-42fa-8fa3-3f1f2d6327a1,89d3711d-ba23-4efd-a071-017c4e935c5b,2da7d3c4-7978-45a6-92f6-23f75d41d643,STUDENT,2025-10-05 23:39:23.485,2025-10-05 23:39:23.485
b62bf37c-ed71-4c9b-8154-a7a669f6e59f,28a9c82f-45e7-4f8e-baa0-353ececbdba6,9ff696a2-c449-4a45-a8d1-cae11c7f09ce,STUDENT,2025-10-05 23:39:26.68,2025-10-05 23:39:26.68
b63b25b3-9731-4b29-a509-e916f719156e,95ed28c8-1480-425c-b5b1-3ce7f489e69e,6e190522-01b5-452a-b8cb-b99961aa0bda,STUDENT,2025-10-05 23:39:24.936,2025-10-05 23:39:24.936
b7111f1c-e905-4022-a4fc-d42500a6749d,2a978357-9736-4a60-af7b-6ceb52780015,1a24c5ce-04a6-4d2a-b9fd-1aea10c0ee65,STUDENT,2025-10-05 23:39:26.109,2025-10-05 23:39:26.109
b8129c15-c8a2-42cb-af6c-6da06d4f58b7,8ca2942a-c704-4ca6-bc2b-c5206b7f99f9,7a9372b0-79e6-4c98-a92b-69be0dddf8c5,STUDENT,2025-10-05 23:39:23.18,2025-10-05 23:39:23.18
b98f556f-8942-4a68-a716-779e087a143c,95ed28c8-1480-425c-b5b1-3ce7f489e69e,139f7263-47c0-4c6e-9e1a-32b45c4b949c,STUDENT,2025-10-05 23:39:24.636,2025-10-05 23:39:24.636
bac49834-e849-468b-a317-d0d9c6901add,d457630e-a4a4-4507-b037-b0386b224f2d,2da7d3c4-7978-45a6-92f6-23f75d41d643,STUDENT,2025-10-05 23:39:23.485,2025-10-05 23:39:23.485
bb3052ae-7884-4bd5-8bc7-865d1022cfc8,80a0c014-4d1d-453a-ab42-86bc678992b0,57dcfedf-1ba9-4f59-8c32-0d9a0d5a006d,STUDENT,2025-10-05 23:39:25.242,2025-10-05 23:39:25.242
bd54ea07-f490-478c-b1f6-d872a61c4b34,28a9c82f-45e7-4f8e-baa0-353ececbdba6,838d93d8-b123-4f1d-8059-0e8c33031123,STUDENT,2025-10-05 23:39:22.875,2025-10-05 23:39:22.875
bd5ee5b3-2863-43e9-abc1-caf2ab5f6443,28a9c82f-45e7-4f8e-baa0-353ececbdba6,6e190522-01b5-452a-b8cb-b99961aa0bda,STUDENT,2025-10-05 23:39:24.936,2025-10-05 23:39:24.936
bf0f51ae-3238-49ba-9579-ff240209ecb5,fc37c9de-8ea1-4a57-9c92-4800e21ad36c,838d93d8-b123-4f1d-8059-0e8c33031123,STUDENT,2025-10-05 23:39:22.875,2025-10-05 23:39:22.875
bfe1a71d-0562-4946-915a-66a43484e084,8ca2942a-c704-4ca6-bc2b-c5206b7f99f9,5ea385f8-1da7-4113-bc0a-a7b5d6ffb864,STUDENT,2025-10-05 23:39:26.393,2025-10-05 23:39:26.393
c1cf373f-d357-49a4-adc5-09f7245fea82,89d3711d-ba23-4efd-a071-017c4e935c5b,5ea385f8-1da7-4113-bc0a-a7b5d6ffb864,STUDENT,2025-10-05 23:39:26.393,2025-10-05 23:39:26.393
c1d17ff5-2303-41de-8daf-2f60c37394c8,fc37c9de-8ea1-4a57-9c92-4800e21ad36c,74bfbcee-55f8-417a-8ed8-63dc2f96bc62,STUDENT,2025-10-05 23:39:26.972,2025-10-05 23:39:26.972
c24156d9-a502-4db7-a52f-273131da3aa3,6daffbf1-6aea-45fc-8d92-b1eb8d406c48,6d84ec00-d196-4b3e-ab42-720510173769,STUDENT,2025-10-05 23:39:23.772,2025-10-05 23:39:23.772
c325db85-23da-4bf2-9173-18a8d13fbca6,8ca2942a-c704-4ca6-bc2b-c5206b7f99f9,9ff696a2-c449-4a45-a8d1-cae11c7f09ce,STUDENT,2025-10-05 23:39:26.68,2025-10-05 23:39:26.68
c41135dd-713f-4187-9d2c-7a1e853d1fda,66347c60-36ca-496f-bfde-371403fce918,6d84ec00-d196-4b3e-ab42-720510173769,STUDENT,2025-10-05 23:39:23.772,2025-10-05 23:39:23.772
c44bf1ae-e8ba-463a-b37a-6d0d76826e78,89d3711d-ba23-4efd-a071-017c4e935c5b,57dcfedf-1ba9-4f59-8c32-0d9a0d5a006d,STUDENT,2025-10-05 23:39:25.242,2025-10-05 23:39:25.242
c4ca1522-6b29-4e86-a4e0-69d1b0a16fd1,66347c60-36ca-496f-bfde-371403fce918,7a9372b0-79e6-4c98-a92b-69be0dddf8c5,STUDENT,2025-10-05 23:39:23.18,2025-10-05 23:39:23.18
c4eb732b-da78-444a-b742-ffea9360cdf1,6daffbf1-6aea-45fc-8d92-b1eb8d406c48,6e190522-01b5-452a-b8cb-b99961aa0bda,STUDENT,2025-10-05 23:39:24.936,2025-10-05 23:39:24.936
c50c9388-38a9-4e5f-affd-ab2e9ad7df27,e8cd3a99-5004-4f7b-99a7-0936ad9b06ee,2da7d3c4-7978-45a6-92f6-23f75d41d643,STUDENT,2025-10-05 23:39:23.485,2025-10-05 23:39:23.485
c6230fa0-7139-4b6e-a4e5-abb7a1475a72,e8cd3a99-5004-4f7b-99a7-0936ad9b06ee,3af068ab-c1ab-472e-9243-8b000925dc1f,STUDENT,2025-10-05 23:39:25.825,2025-10-05 23:39:25.825
c6250e18-afa4-422a-a851-ff0cfe7bcfe0,83419437-35ee-41f7-8289-a1b7bc1c0068,2da7d3c4-7978-45a6-92f6-23f75d41d643,STUDENT,2025-10-05 23:39:23.485,2025-10-05 23:39:23.485
c6d6030c-aae3-4e8c-9b28-125dabd63390,80a0c014-4d1d-453a-ab42-86bc678992b0,9ff696a2-c449-4a45-a8d1-cae11c7f09ce,STUDENT,2025-10-05 23:39:26.68,2025-10-05 23:39:26.68
c72270d0-db85-45eb-8287-b60c9b85068c,427ba0cf-1a85-4a7a-a271-c79cb5f17880,57dcfedf-1ba9-4f59-8c32-0d9a0d5a006d,STUDENT,2025-10-05 23:39:25.242,2025-10-05 23:39:25.242
c8343160-63a0-47c9-93a3-daccf15b9599,a8c7b372-149e-49f1-b438-135ba1cd85b7,6e190522-01b5-452a-b8cb-b99961aa0bda,STUDENT,2025-10-05 23:39:24.936,2025-10-05 23:39:24.936
c835de11-1623-435b-a238-72bf3836f062,80a0c014-4d1d-453a-ab42-86bc678992b0,72516c50-8e2a-4ae5-865f-f9416254669f,STUDENT,2025-10-05 23:39:24.349,2025-10-05 23:39:24.349
c8a9544d-74c5-484d-9865-36eec78af088,1c2e8093-5b99-4ff0-be63-b43bffead0c9,6e190522-01b5-452a-b8cb-b99961aa0bda,STUDENT,2025-10-05 23:39:24.936,2025-10-05 23:39:24.936
c8ebe00c-6fea-44ee-aef9-1058991a3e61,8ca2942a-c704-4ca6-bc2b-c5206b7f99f9,6d84ec00-d196-4b3e-ab42-720510173769,STUDENT,2025-10-05 23:39:23.772,2025-10-05 23:39:23.772
c93e3f11-e3ee-44f4-9b7a-64990a134302,8c81a2fb-3a9b-46c6-848d-ebd6d41329d2,9ff696a2-c449-4a45-a8d1-cae11c7f09ce,STUDENT,2025-10-05 23:39:26.68,2025-10-05 23:39:26.68
c953021b-b41f-43ac-90a9-ae93d3e30172,ae32cec0-0b4c-442b-abcb-a65486e9ec79,139f7263-47c0-4c6e-9e1a-32b45c4b949c,STUDENT,2025-10-05 23:39:24.636,2025-10-05 23:39:24.636
c9928c6d-f6bb-4c6a-a131-0e4e91229ead,a8c7b372-149e-49f1-b438-135ba1cd85b7,72516c50-8e2a-4ae5-865f-f9416254669f,STUDENT,2025-10-05 23:39:24.349,2025-10-05 23:39:24.349
c9ed4fa8-08d6-41d6-935d-cc0516cc4582,d457630e-a4a4-4507-b037-b0386b224f2d,6e190522-01b5-452a-b8cb-b99961aa0bda,STUDENT,2025-10-05 23:39:24.936,2025-10-05 23:39:24.936
ca0dd240-3206-41a6-9966-aab27e41362c,66347c60-36ca-496f-bfde-371403fce918,57dcfedf-1ba9-4f59-8c32-0d9a0d5a006d,STUDENT,2025-10-05 23:39:25.242,2025-10-05 23:39:25.242
ca3309af-746e-4a14-922f-a0edaf3dd51e,61ef0398-c7eb-4b0c-be3e-733fd86ddcd6,1a24c5ce-04a6-4d2a-b9fd-1aea10c0ee65,STUDENT,2025-10-05 23:39:26.109,2025-10-05 23:39:26.109
cb89ebd6-1969-42d6-ae69-1ce74cf7da73,21b6cca8-466e-4e36-a46e-cc656be2c8a3,1d3d8bb7-1a40-4d00-b63c-9e533a92e5fb,TA,2025-10-05 23:39:25.528,2025-10-05 23:39:25.528
cce97d7f-e0d4-493c-b6fd-36ca1545ec4c,0db42da7-7cf4-4ed9-acfb-37ea977cfcce,72516c50-8e2a-4ae5-865f-f9416254669f,TA,2025-10-05 23:39:24.349,2025-10-05 23:39:24.349
ce9d842f-3782-4b8d-aca5-6375d9a5fe5f,2a978357-9736-4a60-af7b-6ceb52780015,3af068ab-c1ab-472e-9243-8b000925dc1f,STUDENT,2025-10-05 23:39:25.825,2025-10-05 23:39:25.825
cf042d60-706a-4f51-ae6d-e78119cf982f,66347c60-36ca-496f-bfde-371403fce918,2da7d3c4-7978-45a6-92f6-23f75d41d643,STUDENT,2025-10-05 23:39:23.485,2025-10-05 23:39:23.485
cf113466-7d28-4bb2-9b74-76de6137749d,50a2f0ef-53f0-43b9-9873-d507451e59e0,6e190522-01b5-452a-b8cb-b99961aa0bda,INSTRUCTOR,2025-10-05 23:39:19.565,2025-10-05 23:39:19.565
d0f5eac6-80ba-49e7-95f3-83d7878e4cb5,5ee93b3e-a750-4e8e-aff3-c32dd8af23a1,1d3d8bb7-1a40-4d00-b63c-9e533a92e5fb,STUDENT,2025-10-05 23:39:25.528,2025-10-05 23:39:25.528
d1622cd3-2a85-4bfe-b830-73348d75e8d5,427ba0cf-1a85-4a7a-a271-c79cb5f17880,5ea385f8-1da7-4113-bc0a-a7b5d6ffb864,STUDENT,2025-10-05 23:39:26.393,2025-10-05 23:39:26.393
d1636e02-ccc7-4c6c-872c-a9dc40f8ff83,2a978357-9736-4a60-af7b-6ceb52780015,838d93d8-b123-4f1d-8059-0e8c33031123,STUDENT,2025-10-05 23:39:22.875,2025-10-05 23:39:22.875
d16f7600-2415-4321-b9ec-0d89fd7e8edb,fc37c9de-8ea1-4a57-9c92-4800e21ad36c,21fa6426-5847-4889-99ab-f7a3a4fed9dc,STUDENT,2025-10-05 23:39:24.055,2025-10-05 23:39:24.055
d171bc30-b281-4467-9db8-b247aabd5624,5ee93b3e-a750-4e8e-aff3-c32dd8af23a1,6e190522-01b5-452a-b8cb-b99961aa0bda,STUDENT,2025-10-05 23:39:24.936,2025-10-05 23:39:24.936
d190ba34-ca05-49f7-bcb2-ed4051810788,55c09bde-da6d-45cd-853f-9de5d7390770,7a9372b0-79e6-4c98-a92b-69be0dddf8c5,INSTRUCTOR,2025-10-05 23:39:17.345,2025-10-05 23:39:17.345
d1cfe6e8-1a2a-449a-b649-de85aba4f029,1c2e8093-5b99-4ff0-be63-b43bffead0c9,21fa6426-5847-4889-99ab-f7a3a4fed9dc,STUDENT,2025-10-05 23:39:24.055,2025-10-05 23:39:24.055
d2571a52-f773-4f97-94c4-2575491d7994,56a084f4-7b02-4365-a669-f0ea58e5bf1a,7a9372b0-79e6-4c98-a92b-69be0dddf8c5,STUDENT,2025-10-05 23:39:23.18,2025-10-05 23:39:23.18
d3b854a1-28b8-4bee-a541-a09bf970460b,ae32cec0-0b4c-442b-abcb-a65486e9ec79,72516c50-8e2a-4ae5-865f-f9416254669f,STUDENT,2025-10-05 23:39:24.349,2025-10-05 23:39:24.349
d442f115-93ff-42fd-a47c-426265811b70,1c2e8093-5b99-4ff0-be63-b43bffead0c9,74bfbcee-55f8-417a-8ed8-63dc2f96bc62,STUDENT,2025-10-05 23:39:26.972,2025-10-05 23:39:26.972
d535f0a1-9962-4dc8-afbc-bfe4c61b984c,1c2e8093-5b99-4ff0-be63-b43bffead0c9,139f7263-47c0-4c6e-9e1a-32b45c4b949c,STUDENT,2025-10-05 23:39:24.636,2025-10-05 23:39:24.636
d53ed001-d354-4d37-9448-51b6021334e2,56a084f4-7b02-4365-a669-f0ea58e5bf1a,1d3d8bb7-1a40-4d00-b63c-9e533a92e5fb,STUDENT,2025-10-05 23:39:25.528,2025-10-05 23:39:25.528
d5422d29-6ba8-4d32-8a24-6ba4d10bfe6b,e8cd3a99-5004-4f7b-99a7-0936ad9b06ee,72516c50-8e2a-4ae5-865f-f9416254669f,STUDENT,2025-10-05 23:39:24.349,2025-10-05 23:39:24.349
d57a1f2c-f115-4363-bf37-96b51d756d35,2cf3a4cf-7e6c-4c4b-816a-827efe86750c,139f7263-47c0-4c6e-9e1a-32b45c4b949c,INSTRUCTOR,2025-10-05 23:39:19.195,2025-10-05 23:39:19.195
d5af51bc-e641-44b6-8edd-8aee25a033c1,e8cd3a99-5004-4f7b-99a7-0936ad9b06ee,139f7263-47c0-4c6e-9e1a-32b45c4b949c,STUDENT,2025-10-05 23:39:24.636,2025-10-05 23:39:24.636
d6e5da79-5a61-4902-bc34-817039d90a87,e8cd3a99-5004-4f7b-99a7-0936ad9b06ee,6d84ec00-d196-4b3e-ab42-720510173769,STUDENT,2025-10-05 23:39:23.772,2025-10-05 23:39:23.772
d78d7cd2-b3f6-4979-89dc-c195070b1afe,83419437-35ee-41f7-8289-a1b7bc1c0068,57dcfedf-1ba9-4f59-8c32-0d9a0d5a006d,STUDENT,2025-10-05 23:39:25.242,2025-10-05 23:39:25.242
d7be8333-d2ac-4528-86b6-10b1d9e0266e,d457630e-a4a4-4507-b037-b0386b224f2d,3af068ab-c1ab-472e-9243-8b000925dc1f,STUDENT,2025-10-05 23:39:25.825,2025-10-05 23:39:25.825
d8a3c5c4-0a40-4606-ad2c-c7c03892db04,83419437-35ee-41f7-8289-a1b7bc1c0068,7a9372b0-79e6-4c98-a92b-69be0dddf8c5,STUDENT,2025-10-05 23:39:23.18,2025-10-05 23:39:23.18
d8bc3d3b-bbc0-4cae-b038-7ef8878806ee,61ef0398-c7eb-4b0c-be3e-733fd86ddcd6,6e190522-01b5-452a-b8cb-b99961aa0bda,STUDENT,2025-10-05 23:39:24.936,2025-10-05 23:39:24.936
d94ca5c0-ae41-4bbf-b432-4cf0b3575179,a8c7b372-149e-49f1-b438-135ba1cd85b7,3af068ab-c1ab-472e-9243-8b000925dc1f,STUDENT,2025-10-05 23:39:25.825,2025-10-05 23:39:25.825
d95764e7-cf95-4cd7-99e1-b41f5ece95c3,66347c60-36ca-496f-bfde-371403fce918,838d93d8-b123-4f1d-8059-0e8c33031123,STUDENT,2025-10-05 23:39:22.875,2025-10-05 23:39:22.875
d9bfe0a7-e752-47f8-8123-bbefa0583c33,83419437-35ee-41f7-8289-a1b7bc1c0068,21fa6426-5847-4889-99ab-f7a3a4fed9dc,STUDENT,2025-10-05 23:39:24.055,2025-10-05 23:39:24.055
da8d3fd6-5f4a-4b48-bff4-65dd8a068b33,28a9c82f-45e7-4f8e-baa0-353ececbdba6,21fa6426-5847-4889-99ab-f7a3a4fed9dc,STUDENT,2025-10-05 23:39:24.055,2025-10-05 23:39:24.055
da90b796-e465-4da9-b6ca-17107716c7a1,89d3711d-ba23-4efd-a071-017c4e935c5b,1d3d8bb7-1a40-4d00-b63c-9e533a92e5fb,STUDENT,2025-10-05 23:39:25.528,2025-10-05 23:39:25.528
daab268f-27fa-4e4c-9e49-92864d46213c,66347c60-36ca-496f-bfde-371403fce918,139f7263-47c0-4c6e-9e1a-32b45c4b949c,STUDENT,2025-10-05 23:39:24.636,2025-10-05 23:39:24.636
db53d825-9c18-4df6-92b6-4024c863af88,95ed28c8-1480-425c-b5b1-3ce7f489e69e,9ff696a2-c449-4a45-a8d1-cae11c7f09ce,STUDENT,2025-10-05 23:39:26.68,2025-10-05 23:39:26.68
db590c8c-6959-4168-81f4-068280bd2a49,0db42da7-7cf4-4ed9-acfb-37ea977cfcce,74bfbcee-55f8-417a-8ed8-63dc2f96bc62,TA,2025-10-05 23:39:26.972,2025-10-05 23:39:26.972
dcd0b6a2-eae8-4f72-85be-d78973155ef4,ae32cec0-0b4c-442b-abcb-a65486e9ec79,1d3d8bb7-1a40-4d00-b63c-9e533a92e5fb,STUDENT,2025-10-05 23:39:25.528,2025-10-05 23:39:25.528
dd44dfa4-b83c-4590-a4ab-7c77fd382723,8c81a2fb-3a9b-46c6-848d-ebd6d41329d2,3af068ab-c1ab-472e-9243-8b000925dc1f,STUDENT,2025-10-05 23:39:25.825,2025-10-05 23:39:25.825
ddf2c04b-046a-4eb4-adb7-dc4ffdc82f0b,1c2e8093-5b99-4ff0-be63-b43bffead0c9,1a24c5ce-04a6-4d2a-b9fd-1aea10c0ee65,STUDENT,2025-10-05 23:39:26.109,2025-10-05 23:39:26.109
dfbd5610-9fad-4adf-bafb-761237f312b9,21b6cca8-466e-4e36-a46e-cc656be2c8a3,57dcfedf-1ba9-4f59-8c32-0d9a0d5a006d,TA,2025-10-05 23:39:25.242,2025-10-05 23:39:25.242
e0fbcfa6-b3d4-403b-8a47-b0e20930ec90,61ef0398-c7eb-4b0c-be3e-733fd86ddcd6,21fa6426-5847-4889-99ab-f7a3a4fed9dc,STUDENT,2025-10-05 23:39:24.055,2025-10-05 23:39:24.055
e1a25c55-834d-4692-a68c-9af908793e0b,427ba0cf-1a85-4a7a-a271-c79cb5f17880,72516c50-8e2a-4ae5-865f-f9416254669f,STUDENT,2025-10-05 23:39:24.349,2025-10-05 23:39:24.349
e1cab14d-7a88-49a8-b138-606d5f9c0a2a,95ed28c8-1480-425c-b5b1-3ce7f489e69e,21fa6426-5847-4889-99ab-f7a3a4fed9dc,STUDENT,2025-10-05 23:39:24.055,2025-10-05 23:39:24.055
e23125c2-9d33-4f70-af84-57e592a35d76,80a0c014-4d1d-453a-ab42-86bc678992b0,60675058-99df-4d8c-bcb5-4e45d5c42701,STUDENT,2025-10-05 23:39:22.578,2025-10-05 23:39:22.578
e24a423e-6362-425e-bd1e-71cfbb0c2a2b,fc37c9de-8ea1-4a57-9c92-4800e21ad36c,57dcfedf-1ba9-4f59-8c32-0d9a0d5a006d,STUDENT,2025-10-05 23:39:25.242,2025-10-05 23:39:25.242
e2b087d8-bc86-46e6-83fa-015382788e6e,95ed28c8-1480-425c-b5b1-3ce7f489e69e,5ea385f8-1da7-4113-bc0a-a7b5d6ffb864,STUDENT,2025-10-05 23:39:26.393,2025-10-05 23:39:26.393
e3d8b99f-b703-4a27-9350-c0f827d29ab8,95ed28c8-1480-425c-b5b1-3ce7f489e69e,1d3d8bb7-1a40-4d00-b63c-9e533a92e5fb,STUDENT,2025-10-05 23:39:25.528,2025-10-05 23:39:25.528
e416c0bb-1c89-4251-b40c-30a776014380,0db42da7-7cf4-4ed9-acfb-37ea977cfcce,1a24c5ce-04a6-4d2a-b9fd-1aea10c0ee65,TA,2025-10-05 23:39:26.109,2025-10-05 23:39:26.109
e5e46c78-c298-4058-9f49-2d9426d15a73,0db42da7-7cf4-4ed9-acfb-37ea977cfcce,57dcfedf-1ba9-4f59-8c32-0d9a0d5a006d,TA,2025-10-05 23:39:25.242,2025-10-05 23:39:25.242
e5eb27f2-92d7-4570-8491-cbbdd677c066,21b6cca8-466e-4e36-a46e-cc656be2c8a3,6d84ec00-d196-4b3e-ab42-720510173769,TA,2025-10-05 23:39:23.772,2025-10-05 23:39:23.772
e5fe7ae7-78ad-4d3c-a7d2-3ea995938208,80a0c014-4d1d-453a-ab42-86bc678992b0,74bfbcee-55f8-417a-8ed8-63dc2f96bc62,STUDENT,2025-10-05 23:39:26.972,2025-10-05 23:39:26.972
e792e73a-6f4c-4b91-a738-3fcbf7e36d31,ae32cec0-0b4c-442b-abcb-a65486e9ec79,7a9372b0-79e6-4c98-a92b-69be0dddf8c5,STUDENT,2025-10-05 23:39:23.18,2025-10-05 23:39:23.18
e82373ef-8967-46e9-84ce-78f9d0867616,83419437-35ee-41f7-8289-a1b7bc1c0068,72516c50-8e2a-4ae5-865f-f9416254669f,STUDENT,2025-10-05 23:39:24.349,2025-10-05 23:39:24.349
e88588af-148d-4c50-9fea-f8d57a232561,56a084f4-7b02-4365-a669-f0ea58e5bf1a,1a24c5ce-04a6-4d2a-b9fd-1aea10c0ee65,STUDENT,2025-10-05 23:39:26.109,2025-10-05 23:39:26.109
e954b09a-a063-46f2-8b25-0cdb433a5522,21b6cca8-466e-4e36-a46e-cc656be2c8a3,2da7d3c4-7978-45a6-92f6-23f75d41d643,TA,2025-10-05 23:39:23.485,2025-10-05 23:39:23.485
eb510dd4-7fdd-453d-9305-8427b393c367,83419437-35ee-41f7-8289-a1b7bc1c0068,838d93d8-b123-4f1d-8059-0e8c33031123,STUDENT,2025-10-05 23:39:22.875,2025-10-05 23:39:22.875
ebb73d69-54dd-4d40-977c-4118afee77f6,d457630e-a4a4-4507-b037-b0386b224f2d,6d84ec00-d196-4b3e-ab42-720510173769,STUDENT,2025-10-05 23:39:23.772,2025-10-05 23:39:23.772
ebe6fd28-167f-4ca5-8c0c-8426abb296da,e8cd3a99-5004-4f7b-99a7-0936ad9b06ee,60675058-99df-4d8c-bcb5-4e45d5c42701,STUDENT,2025-10-05 23:39:22.578,2025-10-05 23:39:22.578
ed2a18a0-b107-4d09-8b45-82e1222f2a06,5ee93b3e-a750-4e8e-aff3-c32dd8af23a1,21fa6426-5847-4889-99ab-f7a3a4fed9dc,STUDENT,2025-10-05 23:39:24.055,2025-10-05 23:39:24.055
ed8c5dfc-e292-45f5-bf8e-a390a8555611,ae32cec0-0b4c-442b-abcb-a65486e9ec79,5ea385f8-1da7-4113-bc0a-a7b5d6ffb864,STUDENT,2025-10-05 23:39:26.393,2025-10-05 23:39:26.393
ee1d03b3-45d0-4834-911a-d0fa46719c4f,28a9c82f-45e7-4f8e-baa0-353ececbdba6,3af068ab-c1ab-472e-9243-8b000925dc1f,STUDENT,2025-10-05 23:39:25.825,2025-10-05 23:39:25.825
ee4c0b6c-d45f-4d18-a7d4-29880bcf7add,ae32cec0-0b4c-442b-abcb-a65486e9ec79,2da7d3c4-7978-45a6-92f6-23f75d41d643,STUDENT,2025-10-05 23:39:23.485,2025-10-05 23:39:23.485
eea768e4-23da-483e-81cc-b6f5a04c966c,427ba0cf-1a85-4a7a-a271-c79cb5f17880,2da7d3c4-7978-45a6-92f6-23f75d41d643,STUDENT,2025-10-05 23:39:23.485,2025-10-05 23:39:23.485
f222e6fc-1b9f-4854-8f03-42e20abb44ec,83419437-35ee-41f7-8289-a1b7bc1c0068,1a24c5ce-04a6-4d2a-b9fd-1aea10c0ee65,STUDENT,2025-10-05 23:39:26.109,2025-10-05 23:39:26.109
f2e8d555-e3ff-4db7-9aa0-bdc7d5538cea,80a0c014-4d1d-453a-ab42-86bc678992b0,6d84ec00-d196-4b3e-ab42-720510173769,STUDENT,2025-10-05 23:39:23.772,2025-10-05 23:39:23.772
f3116fcc-4e27-4b35-b6c0-ad006f76911f,21b6cca8-466e-4e36-a46e-cc656be2c8a3,1a24c5ce-04a6-4d2a-b9fd-1aea10c0ee65,TA,2025-10-05 23:39:26.109,2025-10-05 23:39:26.109
f3510844-0b1d-4d55-a0c7-79af61e292b4,1c2e8093-5b99-4ff0-be63-b43bffead0c9,9ff696a2-c449-4a45-a8d1-cae11c7f09ce,STUDENT,2025-10-05 23:39:26.68,2025-10-05 23:39:26.68
f493e9c9-4974-4bb0-b7d7-89746f7095aa,95ed28c8-1480-425c-b5b1-3ce7f489e69e,60675058-99df-4d8c-bcb5-4e45d5c42701,STUDENT,2025-10-05 23:39:22.578,2025-10-05 23:39:22.578
f52acdd0-fca6-4d36-9b57-55c17afdf484,6daffbf1-6aea-45fc-8d92-b1eb8d406c48,139f7263-47c0-4c6e-9e1a-32b45c4b949c,STUDENT,2025-10-05 23:39:24.636,2025-10-05 23:39:24.636
f5ad606e-1f30-46f1-99f5-a45983033d98,fc37c9de-8ea1-4a57-9c92-4800e21ad36c,6d84ec00-d196-4b3e-ab42-720510173769,STUDENT,2025-10-05 23:39:23.772,2025-10-05 23:39:23.772
f5d794f2-a21d-426f-9fd1-5dc3f29fecfa,83419437-35ee-41f7-8289-a1b7bc1c0068,6e190522-01b5-452a-b8cb-b99961aa0bda,STUDENT,2025-10-05 23:39:24.936,2025-10-05 23:39:24.936
f665714c-98e7-4aa2-ba69-6cf3003b7ea5,a8c7b372-149e-49f1-b438-135ba1cd85b7,57dcfedf-1ba9-4f59-8c32-0d9a0d5a006d,STUDENT,2025-10-05 23:39:25.242,2025-10-05 23:39:25.242
f674c220-33c4-425b-9211-2a4e311f544a,d457630e-a4a4-4507-b037-b0386b224f2d,21fa6426-5847-4889-99ab-f7a3a4fed9dc,STUDENT,2025-10-05 23:39:24.055,2025-10-05 23:39:24.055
f6c0ecf5-e080-4366-91a0-5fc670b2bd45,80a0c014-4d1d-453a-ab42-86bc678992b0,2da7d3c4-7978-45a6-92f6-23f75d41d643,STUDENT,2025-10-05 23:39:23.485,2025-10-05 23:39:23.485
f8cfc0fe-5d54-4b05-b54c-a2862afb5d4d,06990645-7785-45e9-ad4e-e8dcd2a90444,21fa6426-5847-4889-99ab-f7a3a4fed9dc,INSTRUCTOR,2025-10-05 23:39:18.433,2025-10-05 23:39:18.433
f9939074-5b90-4b9d-bd50-404ba5483a94,89d3711d-ba23-4efd-a071-017c4e935c5b,9ff696a2-c449-4a45-a8d1-cae11c7f09ce,STUDENT,2025-10-05 23:39:26.68,2025-10-05 23:39:26.68
f9f900b0-67e3-4a23-87c1-cf2eec50eb5a,6daffbf1-6aea-45fc-8d92-b1eb8d406c48,57dcfedf-1ba9-4f59-8c32-0d9a0d5a006d,STUDENT,2025-10-05 23:39:25.242,2025-10-05 23:39:25.242
fa3ed4b5-e6c3-4d8c-b32a-78bd811ae80e,89d3711d-ba23-4efd-a071-017c4e935c5b,72516c50-8e2a-4ae5-865f-f9416254669f,STUDENT,2025-10-05 23:39:24.349,2025-10-05 23:39:24.349
fb0af33e-e18b-48eb-ba0f-d450002bac39,fc37c9de-8ea1-4a57-9c92-4800e21ad36c,2da7d3c4-7978-45a6-92f6-23f75d41d643,STUDENT,2025-10-05 23:39:23.485,2025-10-05 23:39:23.485
fb4c8d49-88ca-42e2-a244-99955dd4f702,80a0c014-4d1d-453a-ab42-86bc678992b0,139f7263-47c0-4c6e-9e1a-32b45c4b949c,STUDENT,2025-10-05 23:39:24.636,2025-10-05 23:39:24.636
fb876a82-dd70-4249-a598-d405521f948c,06990645-7785-45e9-ad4e-e8dcd2a90444,6d84ec00-d196-4b3e-ab42-720510173769,INSTRUCTOR,2025-10-05 23:39:18.071,2025-10-05 23:39:18.071
fc0a5763-05c8-4cfa-959d-04d867ab3597,80a0c014-4d1d-453a-ab42-86bc678992b0,5ea385f8-1da7-4113-bc0a-a7b5d6ffb864,STUDENT,2025-10-05 23:39:26.393,2025-10-05 23:39:26.393
fc375d94-918f-4aa0-ad12-d66d2aaec06b,6daffbf1-6aea-45fc-8d92-b1eb8d406c48,2da7d3c4-7978-45a6-92f6-23f75d41d643,STUDENT,2025-10-05 23:39:23.485,2025-10-05 23:39:23.485
fc87214e-2b19-4680-a616-4ac2b21e80d1,0db42da7-7cf4-4ed9-acfb-37ea977cfcce,21fa6426-5847-4889-99ab-f7a3a4fed9dc,TA,2025-10-05 23:39:24.055,2025-10-05 23:39:24.055
fc89ec2f-e15f-4985-b51c-e1aad363f8f4,6daffbf1-6aea-45fc-8d92-b1eb8d406c48,1a24c5ce-04a6-4d2a-b9fd-1aea10c0ee65,STUDENT,2025-10-05 23:39:26.109,2025-10-05 23:39:26.109
fe16110a-bbf8-4a9c-b577-12801da1e531,427ba0cf-1a85-4a7a-a271-c79cb5f17880,74bfbcee-55f8-417a-8ed8-63dc2f96bc62,STUDENT,2025-10-05 23:39:26.972,2025-10-05 23:39:26.972
fe5f453f-3181-4deb-bc2c-021bb0c06077,6daffbf1-6aea-45fc-8d92-b1eb8d406c48,74bfbcee-55f8-417a-8ed8-63dc2f96bc62,STUDENT,2025-10-05 23:39:26.972,2025-10-05 23:39:26.972
ff72a8be-f07f-4ab0-81c8-344b5952baf6,83419437-35ee-41f7-8289-a1b7bc1c0068,3af068ab-c1ab-472e-9243-8b000925dc1f,STUDENT,2025-10-05 23:39:25.825,2025-10-05 23:39:25.825